portador,tren,estacion,llegada,salida
FEPASA,50012,(Viene programa ARENAL,13:15,
FEPASA,50011,CHILLÁN,21:44,
FEPASA,50012,CHILLÁN,13:36,
FEPASA,50011,Nebuco,22:05,
FEPASA,50012,Nebuco,13:52,
FEPASA,50411,Leonera,13:57,
FEPASA,50012,Leonera,14:02,
FEPASA,50011,RUCAPEQUÉN,22:15,
FEPASA,50012,Hualqui,14:15,
FEPASA,50011,Bulnes,22:31,
FEPASA,50012,Quilacoya,14:31,
FEPASA,50055,General Cruz,23:11,
FEPASA,50011,General Cruz,23:20,
FEPASA,50012,Unihue,14:43,
FEPASA,50011,Cabrero,23:41,
FEPASA,50411,Cabrero,14:53,
FEPASA,50012,Cabrero,14:59,
FEPASA,50011,Monte Águila,23:54,
FEPASA,50011,Yumbel,0:13,
FEPASA,50012,Yumbel,15:12,
FEPASA,50011,Turquía,0:35,
FEPASA,50012,Turquía,15:24,
FEPASA,50055,SAN ROSENDO,0:50,
FEPASA,50011,SAN ROSENDO,0:58,
FEPASA,50411,SAN ROSENDO,15:38,
FEPASA,50012,SAN ROSENDO,16:10,
FEPASA,50055,Buenuraqui,1:12,
FEPASA,50011,Buenuraqui,1:30,
FEPASA,50012,Buenuraqui,16:22,
FEPASA,50012,Yumbel,16:45,
FEPASA,50011,Gomero,1:42,
FEPASA,50012,Gomero,17:05,
FEPASA,50012,Cabrero,17:18,
FEPASA,50055,Talcamávida,1:55,
FEPASA,50011,Talcamávida,2:07,
FEPASA,50012,Talcamávida,17:38,
FEPASA,50012,Bulnes,18:16,
FEPASA,50011,Unihue,2:17,
FEPASA,50011,Quilacoya,2:30,
FEPASA,50012,Quilacoya,18:32,
FEPASA,50011,Hualqui,2:46,
FEPASA,50011,Leonera,2:59,
FEPASA,50012,Leonera,18:41,
FEPASA,50011,Chiguayante,3:04,
FEPASA,50012,CHILLÁN,19:01,
FEPASA,50011,CONCEPCIÓN,3:20,
FEPASA,50055,ARENAL,3:42,
FEPASA,50411,(1)Sábado pasa por Chillán cruza Bulnes con (2)Sábado Domingo sale Leonera,14:06,
FEPASA,50511,CONCEPCIÓN,3:20,
FEPASA,50512,CONCEPCIÓN,11:45,
FEPASA,50511,Biobío,3:31,
FEPASA,50512,Biobío,11:55,
FEPASA,50511,Boca Sur,3:36,
FEPASA,50511,Lomas Coloradas,3:41,
FEPASA,50512,Lomas Coloradas,12:01,
FEPASA,50511,Escuadrón,3:51,
FEPASA,50512,Escuadrón,12:08,
FEPASA,50511,Lagunillas,3:59,
FEPASA,50512,Lagunillas,12:18,
FEPASA,50512,Boca Sur,12:23,
FEPASA,50511,CORONEL,4:07,
FEPASA,50512,CORONEL,12:28,
FEPASA,50011,PATIO SUR,4:16,
FEPASA,50512,PATIO SUR,12:41,
FEPASA,50011,(3)Domingo sale Concepción,4:10,
FEPASA,50512,(3)Domingo sale Concepción,12:57,
FEPASA,50512,Leonera,13:02,
FEPASA,50012,HUALQUI,13:15,
FEPASA,50512,CONCEPCIÓN,12:02,
FEPASA,50511,Cosmito,3:45,
FEPASA,50012,Cosmito,12:18,
FEPASA,50512,Cosmito,12:40,
FEPASA,50511,Playa Negra,3:59,
FEPASA,50512,Cosmito,12:57,
FEPASA,50011,LIRQUÉN,4:15,
FEPASA,50012,CONCEPCIÓN,13:24,
FEPASA,50011,(4)Domingo sale Concepción,4:10,
FEPASA,50988,(Viene programa RUCAPEQUÉN,17:10,
FEPASA,50988,Lun. Sáb. Nebuco,17:20,17:51
FEPASA,50009,CHILLÁN,4:11,
FEPASA,50988,CHILLÁN,18:10,
FEPASA,50009,Nebuco,4:30,
FEPASA,50092,RUCAPEQUÉN,4:40,
FEPASA,50009,RUCAPEQUÉN,5:25,
FEPASA,50009,Bulnes,5:41,
FEPASA,50009,General Cruz,6:21,
FEPASA,50009,Cabrero,6:42,
FEPASA,50009,Monte Águila,6:55,
FEPASA,50009,Yumbel,7:14,
FEPASA,50009,Turquía,7:36,
FEPASA,50092,SAN ROSENDO,7:51,
FEPASA,50009,SAN ROSENDO,11:35,
FEPASA,50092,Buenuraqui,11:49,
FEPASA,50009,Buenuraqui,12:04,
FEPASA,50009,Gomero,12:16,
FEPASA,50009,Talcamávida,12:29,
FEPASA,50092,Unihue,12:39,
FEPASA,50009,Unihue,12:44,
FEPASA,50092,Quilacoya,12:57,
FEPASA,50009,Quilacoya,13:05,
FEPASA,50009,Hualqui,13:21,
FEPASA,50009,Leonera,13:34,
FEPASA,50009,Chiguayante,13:39,
FEPASA,50009,CONCEPCIÓN,13:55,
FEPASA,50092,ARENAL,14:17,
FEPASA,50982,(Viene programa NUEVA ALDEA,22:30,
FEPASA,50991,CHILLÁN,9:18,
FEPASA,50982,CHILLÁN,23:44,
FEPASA,50991,Nebuco,9:39,
FEPASA,50982,Nebuco,23:54,
FEPASA,50991,RUCAPEQUÉN,9:49,11:00
FEPASA,50982,RUCAPEQUÉN,0:15,
FEPASA,50991,NUEVA ALDEA,12:14,
FEPASA,50084,MARIQUINA,20:05,
FEPASA,50083,MARIQUINA,20:30,
FEPASA,50084,Lanco,20:39,
FEPASA,50083,Lanco,20:51,
FEPASA,50084,Loncoche,21:04,
FEPASA,50084,Lastarria,21:38,
FEPASA,50083,Lastarria,21:07,
FEPASA,50084,Gorbea,22:03,
FEPASA,50056,Gorbea,21:12,
FEPASA,50083,Gorbea,22:20,
FEPASA,50084,Pitrufquén,22:24,
FEPASA,50084,Freire,22:32,
FEPASA,50083,Freire,22:33,
FEPASA,50084,Quepe,22:48,
FEPASA,50084,Metrenco,22:56,
FEPASA,50056,Metrenco,22:49,
FEPASA,50083,Metrenco,22:54,
FEPASA,60501,TEMUCO,23:20,
FEPASA,50084,TEMUCO,23:30,
FEPASA,50083,TEMUCO,23:06,
FEPASA,50083,Talcamávida,23:16,
FEPASA,50084,Cajón,23:46,
FEPASA,50084,Pillanlelbún (desv.),23:57,
FEPASA,50083,Pillanlelbún (desv.),23:29,
FEPASA,50084,Lautaro,0:20,
FEPASA,50083,Lautaro,23:41,
FEPASA,50084,Perquenco,0:45,
FEPASA,50084,Púa,1:04,
FEPASA,50056,Púa,23:55,
FEPASA,50083,Púa,0:18,
FEPASA,50084,VICTORIA,1:25,
FEPASA,50083,VICTORIA,0:26,
FEPASA,50083,Diuquín,0:44,
FEPASA,50084,Inspector Fernández,1:35,
FEPASA,50083,Inspector Fernández,1:08,
FEPASA,50084,Ercilla,2:13,
FEPASA,60501,Collipulli,2:47,
FEPASA,50084,Collipulli,3:40,
FEPASA,50056,Collipulli,1:29,
FEPASA,50083,Collipulli,1:50,
FEPASA,50084,Mininco,4:17,
FEPASA,50083,Mininco,2:13,
FEPASA,60501,Renaico,4:50,
FEPASA,50084,Renaico,5:50,
FEPASA,50083,Renaico,2:49,
FEPASA,50083,Collipulli,3:22,
FEPASA,60501,COIGÜE,6:12,
FEPASA,50084,COIGÜE,6:45,
FEPASA,50083,Ercilla,3:49,
FEPASA,50084,Santa,7:06,
FEPASA,50083,Santa,4:23,
FEPASA,50084,Diuquín,7:30,
FEPASA,50084,Laja,7:49,
FEPASA,50083,Laja,4:33,
FEPASA,60501,SAN ROSENDO,7:57,
FEPASA,50084,SAN ROSENDO,9:18,
FEPASA,50083,SAN ROSENDO,4:54,
FEPASA,50084,Buenuraqui,9:32,
FEPASA,50083,Buenuraqui,5:13,
FEPASA,60501,Gomero,9:44,
FEPASA,50084,Gomero,9:51,
FEPASA,50083,Gomero,5:38,
FEPASA,50083,Pillanlelbún (desv.),6:01,
FEPASA,50084,Talcamávida,10:04,
FEPASA,50083,Talcamávida,6:12,
FEPASA,50084,Unihue,10:14,
FEPASA,50056,Unihue,6:28,
FEPASA,50083,Unihue,7:50,
FEPASA,50084,Quilacoya,10:27,
FEPASA,60501,Hualqui,10:43,
FEPASA,50084,Hualqui,10:58,
FEPASA,50083,Hualqui,8:14,
FEPASA,50083,Quepe,8:22,
FEPASA,60501,Leonera,11:11,
FEPASA,50084,Leonera,11:38,
FEPASA,50083,Leonera,8:38,
FEPASA,50083,Pitrufquén,8:46,
FEPASA,50084,Chiguayante,11:43,
FEPASA,50083,Chiguayante,9:08,
FEPASA,50084,CONCEPCIÓN,11:59,
FEPASA,50083,CONCEPCIÓN,9:33,
FEPASA,50056,Loncoche,10:07,
FEPASA,50083,Loncoche,10:30,
FEPASA,60501,ARENAL,12:21,
FEPASA,50083,Lanco,10:55,
FEPASA,50056,Coigüe con llega San Rosendo MARIQUINA,11:31,
FEPASA,50484,LEONERA,11:21,
FEPASA,50483,LEONERA,20:30,
FEPASA,50484,Chiguayante,11:26,
FEPASA,50483,Chiguayante,20:46,
FEPASA,50483,Cosmito,21:03,
FEPASA,50484,CONCEPCIÓN,11:42,
FEPASA,50483,CONCEPCIÓN,21:30,
FEPASA,50484,Cosmito,12:09,
FEPASA,50484,Playa Negra,12:26,
FEPASA,50483,Playa Negra,21:46,
FEPASA,50084,LIRQUÉN,12:42,
FEPASA,50083,LIRQUÉN,21:51,
FEPASA,50483,LEONERA,21:02,
FEPASA,50483,Chiguayante,21:12,
FEPASA,50084,CONCEPCIÓN,11:42,
FEPASA,50484,CONCEPCIÓN,11:49,
FEPASA,50483,CONCEPCIÓN,21:18,
FEPASA,50483,Escuadrón,21:25,
FEPASA,50484,Biobío,12:02,
FEPASA,50483,Biobío,21:35,
FEPASA,50484,Boca Sur,12:07,
FEPASA,50483,Boca Sur,21:40,
FEPASA,50484,Lomas Coloradas,12:12,
FEPASA,50483,Lomas Coloradas,21:45,
FEPASA,50484,Escuadrón,12:22,
FEPASA,50484,Lagunillas,12:28,
FEPASA,50483,Lagunillas,21:59,
FEPASA,50484,CORONEL,12:35,
FEPASA,50483,CORONEL,22:15,
FEPASA,50084,PATIO SUR,12:45,
FEPASA,50083,PATIO SUR,22:20,
FEPASA,50112,ARENAL,10:20,
FEPASA,50585,ARENAL,15:47,
FEPASA,50112,CONCEPCIÓN,10:38,
FEPASA,50585,CONCEPCIÓN,16:08,
FEPASA,50112,Chiguayante,10:52,
FEPASA,50585,Chiguayante,16:18,
FEPASA,50585,Boca Sur,16:23,
FEPASA,50084,LEONERA,10:57,
FEPASA,50585,LEONERA,16:28,
FEPASA,50585,Escuadrón,16:38,
FEPASA,50585,Lagunillas,16:44,
FEPASA,50585,CORONEL,16:51,
FEPASA,50584,PATIO SUR,17:01,
FEPASA,50089,NUEVA ALDEA,17:00,
FEPASA,50114,NUEVA ALDEA,8:30,
FEPASA,50991,NUEVA ALDEA,8:30,
FEPASA,50089,RUCAPEQUÉN,18:14,
FEPASA,50089,RUCAPEQUÉN,19:00,
FEPASA,50091,RUCAPEQUÉN,9:44,
FEPASA,50114,RUCAPEQUÉN,10:25,
FEPASA,50991,RUCAPEQUÉN,10:25,
FEPASA,50089,Bulnes,19:16,
FEPASA,50114,Bulnes,10:41,
FEPASA,50991,Bulnes,10:41,
FEPASA,50089,General Cruz,19:56,
FEPASA,50114,General Cruz,11:21,
FEPASA,50991,General Cruz,11:21,
FEPASA,50089,Cabrero,20:17,
FEPASA,50114,Cabrero,11:42,
FEPASA,50991,Cabrero,11:42,
FEPASA,50089,Monte Águila,20:30,
FEPASA,50114,Monte Águila,11:55,
FEPASA,50991,Monte Águila,11:55,
FEPASA,50089,Yumbel,20:49,
FEPASA,50114,Yumbel,12:14,
FEPASA,50991,Yumbel,12:14,
FEPASA,50089,Turquía,21:11,
FEPASA,50114,Turquía,12:36,
FEPASA,50991,Turquía,12:36,
FEPASA,50089,SAN ROSENDO,21:26,
FEPASA,50089,SAN ROSENDO,21:45,
FEPASA,50114,SAN ROSENDO,12:51,
FEPASA,50991,SAN ROSENDO,12:51,
FEPASA,50089,Buenuraqui,21:59,
FEPASA,50091,Buenuraqui,13:05,
FEPASA,50114,Buenuraqui,13:28,
FEPASA,50991,Buenuraqui,13:28,
FEPASA,50089,Gomero,22:11,
FEPASA,50091,Gomero,13:40,
FEPASA,50114,Gomero,13:44,
FEPASA,50991,Gomero,13:40,
FEPASA,50089,Talcamávida,22:24,
FEPASA,50089,Talcamávida,22:31,
FEPASA,50114,Talcamávida,13:57,
FEPASA,50091,Talcamávida,13:53,
FEPASA,50991,Talcamávida,14:04,
FEPASA,50089,Unihue,22:41,
FEPASA,50114,Unihue,14:07,
FEPASA,50991,Unihue,14:14,
FEPASA,50089,Quilacoya,22:54,
FEPASA,50091,Quilacoya,14:20,
FEPASA,50114,Quilacoya,14:31,
FEPASA,50091,Quilacoya,14:27,
FEPASA,50991,Quilacoya,14:35,
FEPASA,50089,Hualqui,23:10,
FEPASA,50091,Hualqui,14:47,
FEPASA,50114,Hualqui,14:53,
FEPASA,50091,Hualqui,14:51,
FEPASA,50991,Hualqui,14:55,
FEPASA,50089,Leonera,23:23,
FEPASA,50089,Leonera,23:55,
FEPASA,50091,Leonera,15:06,
FEPASA,50114,Leonera,15:32,
FEPASA,50091,Leonera,15:08,
FEPASA,50991,Leonera,15:32,
FEPASA,50089,Chiguayante,0:00,
FEPASA,50114,Chiguayante,15:37,
FEPASA,50991,Chiguayante,15:37,
FEPASA,50089,CONCEPCIÓN,0:15,
FEPASA,50114,CONCEPCIÓN,15:52,
FEPASA,50991,CONCEPCIÓN,15:52,
FEPASA,50089,ARENAL,0:37,
FEPASA,50091,ARENAL,16:14,
FEPASA,50089,ARENAL,22:35,
FEPASA,50114,ARENAL,14:22,
FEPASA,50089,CONCEPCIÓN,22:53,
FEPASA,50114,CONCEPCIÓN,14:40,
FEPASA,50089,Chiguayante,23:07,
FEPASA,50114,Chiguayante,14:54,
FEPASA,50089,LEONERA,23:13,
FEPASA,50091,LEONERA,15:00,
FEPASA,50490,LEONERA,23:35,
FEPASA,50492,LEONERA,15:15,
FEPASA,50490,Chiguayante,23:41,
FEPASA,50492,Chiguayante,15:21,
FEPASA,50490,CONCEPCIÓN,23:57,
FEPASA,50492,CONCEPCIÓN,15:37,
FEPASA,50490,Cosmito,0:24,
FEPASA,50492,Cosmito,16:04,
FEPASA,50490,Playa Negra,0:41,
FEPASA,50492,Playa Negra,16:21,
FEPASA,50089,LIRQUÉN,0:57,
FEPASA,50091,LIRQUÉN,16:37,
FEPASA,50089,CONCEPCIÓN,23:57,
FEPASA,50490,CONCEPCIÓN,0:03,
FEPASA,50490,Biobío,0:14,
FEPASA,50492,Biobío,15:48,
FEPASA,50490,Boca Sur,0:19,
FEPASA,50492,Boca Sur,15:53,
FEPASA,50490,Lomas Coloradas,0:24,
FEPASA,50492,Lomas Coloradas,15:58,
FEPASA,50490,Escuadrón,0:34,
FEPASA,50492,Escuadrón,16:08,
FEPASA,50490,Lagunillas,0:40,
FEPASA,50492,Lagunillas,16:14,
FEPASA,50490,CORONEL,0:47,
FEPASA,50492,CORONEL,16:21,
FEPASA,50089,PATIO SUR,0:57,
FEPASA,50091,PATIO SUR,16:31,
FEPASA,50190,NUEVA ALDEA,13:00,
FEPASA,50192,NUEVA ALDEA,3:15,
FEPASA,50089,RUCAPEQUÉN,14:14,
FEPASA,50091,RUCAPEQUÉN,4:29,
FEPASA,50190,RUCAPEQUÉN,14:25,
FEPASA,50089,NUEVA ALDEA,15:39,
FEPASA,50090,ARENAL,9:40,
FEPASA,50092,BIOBÍO,0:44,
FEPASA,50090,CONCEPCIÓN,10:01,
FEPASA,50092,CONCEPCIÓN,0:55,
FEPASA,50090,Chiguayante,10:17,
FEPASA,50092,Chiguayante,1:11,
FEPASA,50090,Leonera,10:24,
FEPASA,50092,Leonera,1:16,
FEPASA,50590,Hualqui,10:37,
FEPASA,50090,Hualqui,10:45,
FEPASA,50092,Hualqui,1:29,
FEPASA,50090,Quilacoya,11:01,
FEPASA,50092,Quilacoya,1:45,
FEPASA,50090,Unihue,11:13,
FEPASA,50092,Unihue,1:57,
FEPASA,50590,Talcamávida,11:23,
FEPASA,50090,Talcamávida,11:39,
FEPASA,50092,Talcamávida,2:07,
FEPASA,50090,Gomero,11:52,
FEPASA,50092,Gomero,2:20,
FEPASA,50090,Buenuraqui,12:04,
FEPASA,50092,Buenuraqui,2:32,
FEPASA,50590,SAN ROSENDO,12:18,
FEPASA,50090,SAN ROSENDO,13:10,
FEPASA,50092,SAN ROSENDO,2:46,
FEPASA,50590,Turquía,13:22,
FEPASA,50090,Turquía,13:50,
FEPASA,50092,Turquía,2:58,
FEPASA,50090,Yumbel,14:13,
FEPASA,50092,Yumbel,3:21,
FEPASA,50090,Monte Águila,14:33,
FEPASA,50092,Monte Águila,3:41,
FEPASA,50090,Cabrero,14:46,
FEPASA,50092,Cabrero,3:54,
FEPASA,50090,General Cruz,15:06,
FEPASA,50092,General Cruz,4:14,
FEPASA,50090,Bulnes,15:44,
FEPASA,50092,Bulnes,4:52,
FEPASA,50590,RUCAPEQUÉN,16:00,
FEPASA,50090,RUCAPEQUÉN,19:30,
FEPASA,50491,RUCAPEQUÉN,5:08,
FEPASA,50092,RUCAPEQUÉN,6:00,
FEPASA,50590,NUEVA ALDEA,20:42,
FEPASA,50491,NUEVA ALDEA,7:12,
FEPASA,50090,LIRQUÉN,8:40,
FEPASA,50092,LIRQUÉN,22:05,
FEPASA,50590,Playa Negra,8:56,
FEPASA,50090,Playa Negra,9:16,
FEPASA,50092,Playa Negra,22:21,
FEPASA,50090,Cosmito,9:33,
FEPASA,50092,Cosmito,22:38,
FEPASA,50590,CONCEPCIÓN,10:00,
FEPASA,50491,CONCEPCIÓN,23:05,
FEPASA,50092,CONCEPCIÓN,23:15,
FEPASA,50491,ARENAL,23:35,
FEPASA,50590,PATIO SUR,5:20,
FEPASA,50592,PATIO SUR,23:10,
FEPASA,50590,CORONEL,5:30,
FEPASA,50592,CORONEL,23:20,
FEPASA,50590,Lagunillas,5:36,
FEPASA,50592,Lagunillas,23:26,
FEPASA,50590,Escuadrón,5:43,
FEPASA,50592,Escuadrón,23:33,
FEPASA,50590,Lomas Coloradas,5:53,
FEPASA,50592,Lomas Coloradas,23:43,
FEPASA,50590,Boca Sur,5:58,
FEPASA,50592,Boca Sur,23:48,
FEPASA,50590,BIOBÍO,6:03,
FEPASA,50092,BIOBÍO,23:53,
FEPASA,50590,CONCEPCIÓN,6:13,
FEPASA,50090,ARENAL,6:33,
FEPASA,50590,ARENAL,23:35,
FEPASA,50590,CONCEPCIÓN,23:55,
FEPASA,50090,BIOBÍO,0:05,
FEPASA,50740,ARENAL,0:30,
FEPASA,50489,CONCEPCIÓN,0:50,
FEPASA,50740,CONCEPCIÓN,1:05,
FEPASA,50740,Cosmito,1:28,
FEPASA,50489,PLAYA NEGRA,1:43,
FEPASA,50740,PLAYA NEGRA,2:00,
FEPASA,50740,Cosmito,2:14,
FEPASA,50489,CONCEPCIÓN,2:34,
FEPASA,50740,CONCEPCIÓN,2:36,
FEPASA,50489,ARENAL,2:54,
FEPASA,50602,HORCONES,0:30,
FEPASA,50634,HORCONES,2:30,
FEPASA,50604,HORCONES,2:55,
FEPASA,50606,HORCONES,11:15,
FEPASA,50602,Laraquete,0:48,
FEPASA,50634,Laraquete,2:48,
FEPASA,50604,Laraquete,3:13,
FEPASA,50606,Laraquete,11:33,
FEPASA,50602,Chivilingo,0:58,
FEPASA,50634,Chivilingo,2:58,
FEPASA,50604,Chivilingo,3:23,
FEPASA,50603,Chivilingo,11:43,
FEPASA,50606,Chivilingo,12:40,
FEPASA,50602,Lota,1:30,
FEPASA,50634,Lota,3:30,
FEPASA,50604,Lota,3:55,
FEPASA,50606,Lota,13:12,
FEPASA,50602,Patio Sur,1:50,
FEPASA,50602,Patio Sur,1:55,
FEPASA,50457,Patio Sur,3:50,
FEPASA,50634,Patio Sur,3:55,
FEPASA,50606,Patio Sur,4:15,
FEPASA,50604,Patio Sur,4:20,
FEPASA,50603,Patio Sur,13:32,
FEPASA,50606,Patio Sur,15:07,
FEPASA,50602,CORONEL,2:04,
FEPASA,50634,CORONEL,4:04,
FEPASA,50604,CORONEL,4:29,
FEPASA,50606,CORONEL,15:16,
FEPASA,50602,Lagunillas,2:10,
FEPASA,50634,Lagunillas,4:10,
FEPASA,50604,Lagunillas,4:35,
FEPASA,50606,Lagunillas,15:22,
FEPASA,50602,Escuadrón,2:17,
FEPASA,50634,Escuadrón,4:17,
FEPASA,50604,Escuadrón,4:42,
FEPASA,50606,Escuadrón,15:29,
FEPASA,50602,Lomas Coloradas,2:27,
FEPASA,50634,Lomas Coloradas,4:27,
FEPASA,50604,Lomas Coloradas,4:52,
FEPASA,50606,Lomas Coloradas,15:39,
FEPASA,50602,Boca Sur,2:32,
FEPASA,50634,Boca Sur,4:32,
FEPASA,50604,Boca Sur,4:57,
FEPASA,50606,Boca Sur,15:44,
FEPASA,50602,Biobío,2:37,
FEPASA,50634,Biobío,4:37,
FEPASA,50604,Biobío,5:02,
FEPASA,50606,Biobío,15:49,
FEPASA,50602,CONCEPCIÓN,2:47,
FEPASA,50634,CONCEPCIÓN,4:47,
FEPASA,50604,CONCEPCIÓN,5:12,
FEPASA,50606,CONCEPCIÓN,15:59,
FEPASA,50602,ARENAL,3:07,
FEPASA,50606,ARENAL,5:32,
FEPASA,50603,ARENAL,16:19,
FEPASA,50604,CONCEPCIÓN,15:59,
FEPASA,50602,Cosmito,3:10,
FEPASA,50634,Cosmito,5:10,
FEPASA,50604,Cosmito,16:22,
FEPASA,50602,Playa Negra,3:24,
FEPASA,50457,Playa Negra,5:24,
FEPASA,50634,Playa Negra,5:43,
FEPASA,50604,Playa Negra,16:36,
FEPASA,50602,LIRQUÉN,3:42,
FEPASA,50457,LIRQUÉN,6:01,
FEPASA,50606,LIRQUÉN,16:54,
FEPASA,50631,LIRQUÉN,9:47,
FEPASA,50633,LIRQUÉN,13:18,
FEPASA,50635,LIRQUÉN,21:03,
FEPASA,50631,Playa Negra,10:05,
FEPASA,50633,Playa Negra,13:36,
FEPASA,50635,Playa Negra,21:21,
FEPASA,50631,Cosmito,10:19,
FEPASA,50633,Cosmito,13:50,
FEPASA,50635,Cosmito,21:35,
FEPASA,50601,CONCEPCIÓN,10:46,
FEPASA,50603,CONCEPCIÓN,14:13,
FEPASA,50605,CONCEPCIÓN,22:02,
FEPASA,50631,ARENAL,10:26,
FEPASA,50633,ARENAL,13:53,
FEPASA,50635,ARENAL,21:42,
FEPASA,50631,CONCEPCIÓN,10:46,
FEPASA,50633,CONCEPCIÓN,14:13,
FEPASA,50635,CONCEPCIÓN,22:02,
FEPASA,50631,Biobío,10:56,
FEPASA,50633,Biobío,14:23,
FEPASA,50635,Biobío,22:12,
FEPASA,50631,Boca Sur,11:01,
FEPASA,50633,Boca Sur,14:28,
FEPASA,50635,Boca Sur,22:17,
FEPASA,50631,Lomas Coloradas,11:06,
FEPASA,50633,Lomas Coloradas,14:33,
FEPASA,50635,Lomas Coloradas,22:22,
FEPASA,50631,Escuadrón,11:16,
FEPASA,50633,Escuadrón,14:43,
FEPASA,50635,Escuadrón,22:32,
FEPASA,50631,Lagunillas,11:22,
FEPASA,50633,Lagunillas,14:49,
FEPASA,50635,Lagunillas,22:38,
FEPASA,50631,CORONEL,11:29,
FEPASA,50633,CORONEL,14:56,
FEPASA,50635,CORONEL,22:45,
FEPASA,50631,PATIO SUR,11:38,
FEPASA,50603,PATIO SUR,15:05,
FEPASA,50633,PATIO SUR,15:50,
FEPASA,50605,PATIO SUR,22:54,
FEPASA,50635,PATIO SUR,22:59,
FEPASA,50631,Lota,11:58,
FEPASA,50633,Lota,16:10,
FEPASA,50635,Lota,23:19,
FEPASA,50601,Chivilingo,12:30,
FEPASA,50631,Chivilingo,12:45,
FEPASA,50633,Chivilingo,16:42,
FEPASA,50635,Chivilingo,23:51,
FEPASA,50631,Laraquete,12:55,
FEPASA,50633,Laraquete,16:52,
FEPASA,50635,Laraquete,0:01,
FEPASA,50601,HORCONES,13:13,
FEPASA,50603,HORCONES,17:10,
FEPASA,50605,HORCONES,0:19,
FEPASA,50621,PATIO SUR,7:10,
FEPASA,50621,Lota,7:30,
FEPASA,50621,Chivilingo,8:02,
FEPASA,50621,Laraquete,8:12,
FEPASA,50621,HORCONES,8:30,
FEPASA,50607,ARENAL,9:50,
FEPASA,50608,ARENAL,14:22,
FEPASA,50607,CONCEPCIÓN,10:10,
FEPASA,50608,CONCEPCIÓN,14:40,
FEPASA,50608,Por variante Chivilingo,14:50,
FEPASA,50607,Biobío,10:20,
FEPASA,50607,Boca Sur,10:25,
FEPASA,50608,Boca Sur,15:22,
FEPASA,50607,Lomas Coloradas,10:30,
FEPASA,50608,Lomas Coloradas,15:42,
FEPASA,50607,Escuadrón,10:40,
FEPASA,50607,Lagunillas,10:46,
FEPASA,50608,Lagunillas,15:52,
FEPASA,50607,CORONEL,10:53,
FEPASA,50608,CORONEL,15:58,
FEPASA,50608,Escuadrón,16:05,
FEPASA,50607,Patio Sur,11:03,
FEPASA,50608,Patio Sur,16:15,
FEPASA,50607,Lota,11:23,
FEPASA,50608,Lota,16:20,
FEPASA,50607,Chivilingo,11:55,
FEPASA,50608,Chivilingo,16:25,
FEPASA,50607,Laraquete,12:05,
FEPASA,50608,Laraquete,16:35,
FEPASA,50606,HORCONES,12:23,
FEPASA,60511,HORCONES,16:58,
FEPASA,50074,RAPACO,6:20,
FEPASA,50074,Pichi Ropulli,6:48,
FEPASA,50074,Paillaco,7:04,
FEPASA,50074,Reumén,7:22,
FEPASA,50074,Los Lagos,7:51,
FEPASA,50083,ANTILHUE,8:20,
FEPASA,50074,ANTILHUE,8:30,
FEPASA,50074,Mulpún,8:39,
FEPASA,50074,Máfil,9:01,
FEPASA,50074,Mariquina,9:21,
FEPASA,50074,Lanco,9:55,
FEPASA,50074,Loncoche,10:20,
FEPASA,50074,Lastarria,10:59,
FEPASA,50074,Gorbea,11:29,
FEPASA,50074,Pitrufquén,11:56,
FEPASA,50074,Freire,12:04,
FEPASA,50074,Quepe,12:21,
FEPASA,50074,Metrenco,12:30,
FEPASA,50083,TEMUCO,12:53,
FEPASA,50074,TEMUCO,13:10,
FEPASA,50072,TEMUCO,3:00,
FEPASA,50772,TEMUCO,7:10,
FEPASA,50074,CAJÓN,13:26,
FEPASA,50072,CAJÓN,3:16,
FEPASA,50073,CAJÓN,7:26,
FEPASA,50074,Pillanlelbún (desv.),13:37,
FEPASA,50072,Pillanlelbún (desv.),3:27,
FEPASA,50074,Lautaro,14:00,
FEPASA,50072,Lautaro,3:50,
FEPASA,50074,Perquenco,14:25,
FEPASA,50072,Perquenco,4:15,
FEPASA,50074,Púa,14:44,
FEPASA,50083,Púa,4:34,
FEPASA,50072,Púa,5:00,
FEPASA,50083,VICTORIA,15:05,
FEPASA,50074,VICTORIA,21:45,
FEPASA,50083,VICTORIA,5:21,
FEPASA,50072,VICTORIA,5:48,
FEPASA,50074,Inspector Fernández,21:55,
FEPASA,50072,Inspector Fernández,5:58,
FEPASA,50074,Ercilla,22:29,
FEPASA,50072,Ercilla,6:32,
FEPASA,50074,Collipulli,22:56,
FEPASA,50083,Collipulli,6:59,
FEPASA,50072,Collipulli,8:35,
FEPASA,50074,Mininco,23:30,
FEPASA,50072,Mininco,9:09,
FEPASA,50074,Renaico,0:03,
FEPASA,50083,Renaico,9:42,
FEPASA,50072,Renaico,10:35,
FEPASA,50083,COIGÜE,0:25,
FEPASA,50074,COIGÜE,0:30,
FEPASA,50083,COIGÜE,10:57,
FEPASA,50072,COIGÜE,11:10,
FEPASA,50083,NACIMIENTO,0:50,
FEPASA,50083,NACIMIENTO,11:30,
FEPASA,50083,(17)Sábado Domingo sale Temuco,13:25,
FEPASA,50075,NACIMIENTO,5:45,
FEPASA,50073,NACIMIENTO,20:30,
FEPASA,50084,COIGÜE,6:05,
FEPASA,50075,COIGÜE,6:25,
FEPASA,50752,COIGÜE,20:50,
FEPASA,50073,COIGÜE,21:00,
FEPASA,50084,Renaico,6:48,
FEPASA,50075,Renaico,7:15,
FEPASA,50073,Renaico,21:23,
FEPASA,50075,Mininco,7:50,
FEPASA,50073,Mininco,21:58,
FEPASA,50075,Collipulli,8:23,
FEPASA,50752,Collipulli,22:31,
FEPASA,50073,Collipulli,23:35,
FEPASA,50075,Ercilla,8:48,
FEPASA,50073,Ercilla,0:00,
FEPASA,50075,Inspector Fernández,9:20,
FEPASA,50073,Inspector Fernández,0:32,
FEPASA,50084,VICTORIA,9:30,
FEPASA,50075,VICTORIA,11:45,
FEPASA,50752,VICTORIA,0:42,
FEPASA,50073,VICTORIA,1:28,
FEPASA,50075,Púa,12:06,
FEPASA,50073,Púa,1:49,
FEPASA,50075,Perquenco,12:25,
FEPASA,50073,Perquenco,2:08,
FEPASA,50084,Lautaro,12:50,
FEPASA,50075,Lautaro,14:20,
FEPASA,50752,Lautaro,2:33,
FEPASA,50073,Lautaro,3:55,
FEPASA,50075,Pillanlelbún (desv.),14:43,
FEPASA,50073,Pillanlelbún (desv.),4:18,
FEPASA,50075,CAJÓN,14:54,
FEPASA,50073,CAJÓN,4:29,
FEPASA,50773,CAJÓN,22:30,
FEPASA,50084,TEMUCO,15:10,
FEPASA,50075,TEMUCO,16:35,
FEPASA,50752,TEMUCO,4:45,
FEPASA,50072,TEMUCO,22:46,
FEPASA,50075,Metrenco,16:58,
FEPASA,50075,Quepe,17:06,
FEPASA,50075,Freire,17:22,
FEPASA,50075,Pitrufquén,17:29,
FEPASA,50075,Gorbea,17:51,
FEPASA,50075,Lastarria,18:16,
FEPASA,50075,Loncoche,18:50,
FEPASA,50075,Lanco,19:15,
FEPASA,50075,Mariquina,19:49,
FEPASA,50075,Máfil,20:09,
FEPASA,50075,Mulpún,20:31,
FEPASA,50084,ANTILHUE,20:40,
FEPASA,50075,ANTILHUE,20:50,
FEPASA,50075,Los Lagos,21:19,
FEPASA,50075,Reumén,21:48,
FEPASA,50075,Paillaco,22:06,
FEPASA,50075,Pichi Ropulli,22:22,
FEPASA,50084,RAPACO,22:50,
FEPASA,50084,(18)Sábado sale Victoria,11:30,
FEPASA,50084,(19)Viernes sale Lautaro,15:15,
FEPASA,50050,MININCO,0:35,
FEPASA,50051,MININCO,14:14,
FEPASA,50050,Renaico,1:11,
FEPASA,50051,Renaico,14:24,
FEPASA,50050,COIGÜE,1:37,
FEPASA,50051,COIGÜE,14:38,
FEPASA,50051,Leonera,14:42,
FEPASA,50051,Hualqui,14:53,
FEPASA,50050,Santa,1:58,
FEPASA,50050,Diuquín,2:25,
FEPASA,50781,Diuquín,15:08,
FEPASA,50051,Diuquín,15:24,
FEPASA,50780,Laja,2:44,
FEPASA,50050,Laja,3:20,
FEPASA,50051,Laja,15:36,
FEPASA,50051,Talcamávida,15:46,
FEPASA,50050,SAN ROSENDO,3:28,
FEPASA,50051,SAN ROSENDO,15:58,
FEPASA,50051,Buenuraqui,16:09,
FEPASA,50050,Buenuraqui,3:45,
FEPASA,50050,Gomero,3:57,
FEPASA,50051,Gomero,16:26,
FEPASA,50050,Talcamávida,4:10,
FEPASA,50050,Unihue,4:20,
FEPASA,50781,Unihue,16:36,
FEPASA,50051,Unihue,17:18,
FEPASA,50050,Quilacoya,4:32,
FEPASA,50051,Quilacoya,17:37,
FEPASA,50050,Hualqui,4:47,
FEPASA,50051,Hualqui,18:04,
FEPASA,50050,Leonera,4:58,
FEPASA,50050,Chiguayante,5:04,
FEPASA,50051,Chiguayante,18:25,
FEPASA,50050,CONCEPCIÓN,5:18,
FEPASA,50781,Renaico,18:51,
FEPASA,50051,Renaico,19:15,
FEPASA,50780,BIOBÍO,5:28,
FEPASA,50781,MININCO,19:52,
FEPASA,50050,BIOBÍO,6:25,
FEPASA,50051,BIOBÍO,13:05,
FEPASA,50050,Boca Sur,6:30,
FEPASA,50051,Boca Sur,13:11,
FEPASA,50050,Lomas Coloradas,6:35,
FEPASA,50051,Lomas Coloradas,13:17,
FEPASA,50050,Escuadrón,6:44,
FEPASA,50051,Escuadrón,13:26,
FEPASA,50050,Lagunillas,6:50,
FEPASA,50051,Lagunillas,13:31,
FEPASA,50780,CORONEL,6:56,
FEPASA,50781,CORONEL,13:36,
FEPASA,50450,BIOBÍO,6:15,
FEPASA,50451,BIOBÍO,12:55,
FEPASA,50450,CONCEPCIÓN,6:25,
FEPASA,50451,CONCEPCIÓN,13:11,
FEPASA,50451,Por Travesía Cosmito,13:25,
FEPASA,50450,Cosmito,6:50,
FEPASA,50450,Playa Negra,7:04,
FEPASA,50451,Playa Negra,13:48,
FEPASA,50050,LIRQUÉN,7:20,
FEPASA,50051,LIRQUÉN,13:58,
FEPASA,50450,NACIMIENTO,0:50,
FEPASA,50451,NACIMIENTO,18:55,
FEPASA,50050,COIGÜE,1:10,
FEPASA,50051,COIGÜE,19:15,
FEPASA,50450,BIOBÍO,6:21,
FEPASA,50451,BIOBÍO,13:05,
FEPASA,50450,CONCEPCIÓN,6:31,
FEPASA,50451,CONCEPCIÓN,13:28,
FEPASA,50050,ARENAL,6:55,
FEPASA,50051,ARENAL,13:38,
FEPASA,50450,ARENAL,4:35,
FEPASA,50451,ARENAL,14:40,
FEPASA,50450,CONCEPCIÓN,4:53,
FEPASA,50451,CONCEPCIÓN,14:50,
FEPASA,50050,BIOBÍO,5:03,
FEPASA,50051,BIOBÍO,15:08,
FEPASA,50052,NACIMIENTO,5:30,
FEPASA,50053,NACIMIENTO,18:20,
FEPASA,50052,COIGÜE,5:50,
FEPASA,50052,COIGÜE,6:10,
FEPASA,50053,COIGÜE,18:44,
FEPASA,50052,Santa,6:31,
FEPASA,50053,Santa,18:58,
FEPASA,50052,Diuquín,6:58,
FEPASA,50552,Diuquín,19:02,
FEPASA,50053,Diuquín,19:27,
FEPASA,50052,Laja,7:17,
FEPASA,50052,Laja,8:00,
FEPASA,50552,Hualqui,19:38,
FEPASA,50053,Hualqui,19:55,
FEPASA,50052,SAN ROSENDO,8:08,
FEPASA,50052,SAN ROSENDO,8:30,
FEPASA,50053,SAN ROSENDO,20:10,
FEPASA,50052,Buenuraqui,8:47,
FEPASA,50052,Buenuraqui,9:01,
FEPASA,50053,Buenuraqui,20:22,
FEPASA,50053,Talcamávida,20:32,
FEPASA,50052,Gomero,9:13,
FEPASA,50552,Gomero,20:44,
FEPASA,50053,Gomero,21:01,
FEPASA,50052,Talcamávida,9:26,
FEPASA,50052,Talcamávida,9:35,
FEPASA,50552,Buenuraqui,21:12,
FEPASA,50053,Buenuraqui,21:17,
FEPASA,50052,Unihue,9:45,
FEPASA,50052,Quilacoya,9:57,
FEPASA,50053,Quilacoya,21:34,
FEPASA,50052,Hualqui,10:12,
FEPASA,50552,Hualqui,21:44,
FEPASA,50053,Hualqui,22:18,
FEPASA,50052,Leonera,10:23,
FEPASA,50052,Leonera,10:55,
FEPASA,50053,Leonera,22:37,
FEPASA,50053,Santa,23:04,
FEPASA,50052,Chiguayante,11:01,
FEPASA,50552,Chiguayante,23:25,
FEPASA,50053,Chiguayante,23:45,
FEPASA,50052,CONCEPCIÓN,11:15,
FEPASA,50552,CONCEPCIÓN,0:05,
FEPASA,50052,ARENAL,11:40,
FEPASA,50052,LEONERA,10:40,
FEPASA,50053,LEONERA,16:30,
FEPASA,50052,Chiguayante,10:46,
FEPASA,50053,Chiguayante,16:36,
FEPASA,50053,Escuadrón,16:42,
FEPASA,50052,CONCEPCIÓN,11:00,
FEPASA,50053,CONCEPCIÓN,16:51,
FEPASA,50053,Boca Sur,16:56,
FEPASA,50052,Biobío,11:10,
FEPASA,50053,Biobío,17:01,
FEPASA,50052,Boca Sur,11:15,
FEPASA,50052,Lomas Coloradas,11:20,
FEPASA,50053,Lomas Coloradas,17:11,
FEPASA,50052,Escuadrón,11:29,
FEPASA,50052,Lagunillas,11:35,
FEPASA,50552,Lagunillas,17:35,
FEPASA,50052,CORONEL,11:41,
FEPASA,50452,LEONERA,10:35,
FEPASA,50453,LEONERA,18:00,
FEPASA,50452,Chiguayante,10:41,
FEPASA,50453,Chiguayante,18:16,
FEPASA,50453,Cosmito,18:30,
FEPASA,50452,CONCEPCIÓN,10:55,
FEPASA,50453,CONCEPCIÓN,18:53,
FEPASA,50452,Cosmito,11:18,
FEPASA,50452,Playa Negra,11:32,
FEPASA,50453,Playa Negra,19:07,
FEPASA,50052,LIRQUÉN,11:48,
FEPASA,50053,LIRQUÉN,19:11,
FEPASA,50452,ARENAL,9:30,
FEPASA,50453,ARENAL,19:30,
FEPASA,50452,CONCEPCIÓN,9:48,
FEPASA,50453,CONCEPCIÓN,19:34,
FEPASA,50452,Chiguayante,9:59,
FEPASA,50453,Chiguayante,19:44,
FEPASA,50052,LEONERA,10:03,
FEPASA,50053,LEONERA,20:04,
FEPASA,50054,NACIMIENTO,9:55,
FEPASA,50055,NACIMIENTO,23:50,
FEPASA,50054,COIGÜE,10:15,
FEPASA,50054,COIGÜE,10:35,
FEPASA,50055,COIGÜE,0:01,
FEPASA,50054,Santa,10:56,
FEPASA,50055,Santa,0:15,
FEPASA,50054,Diuquín,11:23,
FEPASA,50055,Diuquín,0:19,
FEPASA,50054,Laja,11:42,
FEPASA,50054,Laja,12:15,
FEPASA,50055,Hualqui,0:30,
FEPASA,50054,SAN ROSENDO,12:23,
FEPASA,50055,SAN ROSENDO,0:45,
FEPASA,50055,Unihue,0:57,
FEPASA,50054,Buenuraqui,12:40,
FEPASA,50055,Buenuraqui,1:07,
FEPASA,50054,Gomero,12:52,
FEPASA,50055,Gomero,1:19,
FEPASA,50054,Talcamávida,13:05,
FEPASA,50055,Talcamávida,1:30,
FEPASA,50054,Unihue,13:15,
FEPASA,50054,Unihue,13:22,
FEPASA,50055,Unihue,1:47,
FEPASA,50054,Quilacoya,13:34,
FEPASA,60511,Quilacoya,1:57,
FEPASA,50055,Quilacoya,2:55,
FEPASA,50054,Hualqui,13:49,
FEPASA,50055,Hualqui,3:14,
FEPASA,50054,Leonera,14:00,
FEPASA,50054,Leonera,14:35,
FEPASA,50055,Leonera,3:41,
FEPASA,60511,COIGÜE,4:02,
FEPASA,50055,COIGÜE,4:22,
FEPASA,50054,Chiguayante,14:41,
FEPASA,60511,NACIMIENTO,4:42,
FEPASA,50054,CONCEPCIÓN,14:55,
FEPASA,50054,ARENAL,15:20,
FEPASA,50054,LEONERA,14:20,
FEPASA,50055,LEONERA,22:40,
FEPASA,50054,Chiguayante,14:26,
FEPASA,50055,Chiguayante,22:46,
FEPASA,50055,Escuadrón,22:52,
FEPASA,50054,CONCEPCIÓN,14:40,
FEPASA,50055,CONCEPCIÓN,23:01,
FEPASA,50055,Boca Sur,23:06,
FEPASA,50054,Biobío,14:51,
FEPASA,60511,BIOBÍO,23:11,
FEPASA,50054,Boca Sur,14:57,
FEPASA,50054,Lomas Coloradas,15:03,
FEPASA,50054,Escuadrón,15:13,
FEPASA,50054,Lagunillas,15:20,
FEPASA,50054,CORONEL,15:27,
FEPASA,50454,LEONERA,14:20,
FEPASA,50455,LEONERA,22:25,
FEPASA,50454,Chiguayante,14:26,
FEPASA,50455,Chiguayante,22:41,
FEPASA,50455,Cosmito,22:55,
FEPASA,50454,CONCEPCIÓN,14:42,
FEPASA,50455,CONCEPCIÓN,23:18,
FEPASA,50454,Cosmito,15:05,
FEPASA,50454,Playa Negra,15:19,
FEPASA,50055,Playa Negra,23:28,
FEPASA,50054,LIRQUÉN,15:35,
FEPASA,50454,ARENAL,12:50,
FEPASA,50455,ARENAL,22:50,
FEPASA,50454,CONCEPCIÓN,13:08,
FEPASA,50455,CONCEPCIÓN,23:13,
FEPASA,50454,Chiguayante,13:19,
FEPASA,50055,Chiguayante,23:23,
FEPASA,50054,LEONERA,13:23,
FEPASA,50455,BIOBÍO,0:00,
FEPASA,50455,CONCEPCIÓN,0:10,
FEPASA,50055,ARENAL,0:28,
FEPASA,50056,MININCO,17:00,
FEPASA,50057,MININCO,5:50,
FEPASA,50056,Renaico,17:36,
FEPASA,50057,Renaico,6:14,
FEPASA,50056,COIGÜE,18:02,
FEPASA,50056,COIGÜE,18:35,
FEPASA,50057,COIGÜE,6:28,
FEPASA,50057,Leonera,6:32,
FEPASA,50056,Santa,18:56,
FEPASA,50052,Santa,6:43,
FEPASA,50057,Santa,6:56,
FEPASA,50056,Diuquín,19:23,
FEPASA,50056,Laja,19:42,
FEPASA,50057,Laja,7:11,
FEPASA,50052,Unihue,7:23,
FEPASA,50057,Unihue,7:34,
FEPASA,50056,SAN ROSENDO,19:50,
FEPASA,50056,SAN ROSENDO,20:55,
FEPASA,50057,Talcamávida,7:44,
FEPASA,50056,Buenuraqui,21:12,
FEPASA,50057,Buenuraqui,7:56,
FEPASA,50057,Buenuraqui,8:07,
FEPASA,50056,Gomero,21:24,
FEPASA,50056,Talcamávida,21:37,
FEPASA,50057,Talcamávida,8:24,
FEPASA,50056,Unihue,21:47,
FEPASA,50052,Unihue,8:34,
FEPASA,50057,Unihue,8:50,
FEPASA,50056,Quilacoya,21:59,
FEPASA,50056,Quilacoya,22:07,
FEPASA,50057,Diuquín,9:09,
FEPASA,50056,Hualqui,22:22,
FEPASA,50056,Hualqui,22:37,
FEPASA,50057,Hualqui,9:36,
FEPASA,50056,Leonera,22:48,
FEPASA,50057,Leonera,9:57,
FEPASA,50056,Chiguayante,22:54,
FEPASA,50057,Renaico,10:23,
FEPASA,50056,CONCEPCIÓN,23:08,
FEPASA,50052,MININCO,11:00,
FEPASA,50056,ARENAL,23:33,
FEPASA,50057,CONCEPCIÓN,5:20,
FEPASA,50056,Biobío,23:18,
FEPASA,50057,Biobío,5:26,
FEPASA,50056,Boca Sur,23:23,
FEPASA,50057,Boca Sur,5:32,
FEPASA,50056,Lomas Coloradas,23:28,
FEPASA,50057,Lomas Coloradas,5:41,
FEPASA,50056,Escuadrón,23:37,
FEPASA,50057,Escuadrón,5:46,
FEPASA,50056,Lagunillas,23:43,
FEPASA,50057,Lagunillas,5:51,
FEPASA,50056,CORONEL,23:49,
FEPASA,50052,CORONEL,6:01,
FEPASA,50455,CONCEPCIÓN,23:25,
FEPASA,50457,CONCEPCIÓN,5:12,
FEPASA,50455,Cosmito,23:50,
FEPASA,50457,Cosmito,5:28,
FEPASA,50455,Playa Negra,0:04,
FEPASA,50457,Cosmito,5:42,
FEPASA,50456,LIRQUÉN,0:20,
FEPASA,50057,CONCEPCIÓN,6:05,
FEPASA,50083,COLLIPULLI,3:02,
FEPASA,50075,COLLIPULLI,8:03,
FEPASA,50073,COLLIPULLI,23:15,
FEPASA,50083,Ercilla,3:29,
FEPASA,50075,Ercilla,8:28,
FEPASA,50073,Ercilla,23:40,
FEPASA,50083,Inspector Fernández,4:03,
FEPASA,50075,Inspector Fernández,9:00,
FEPASA,50073,Inspector Fernández,0:12,
FEPASA,50083,VICTORIA,4:13,
FEPASA,50075,VICTORIA,9:10,
FEPASA,50073,VICTORIA,0:22,
FEPASA,50083,VICTORIA,1:05,
FEPASA,50075,VICTORIA,5:28,
FEPASA,50073,VICTORIA,21:25,
FEPASA,50083,Inspector Fernández,1:15,
FEPASA,50075,Inspector Fernández,5:38,
FEPASA,50073,Inspector Fernández,21:35,
FEPASA,50083,Ercilla,1:53,
FEPASA,50075,Ercilla,6:12,
FEPASA,50073,Ercilla,22:09,
FEPASA,50083,COLLIPULLI,2:27,
FEPASA,50075,COLLIPULLI,6:39,
FEPASA,50073,COLLIPULLI,22:36,
TRANSAP,60500,Aserr. Arauco (desv.),7:10,
TRANSAP,60502,Aserr. Arauco (desv.),22:00,
TRANSAP,60500,Lanco,7:29,
TRANSAP,60502,Lanco,22:19,
TRANSAP,60500,Loncoche,7:54,
TRANSAP,60502,Loncoche,22:44,
TRANSAP,60500,Lastarria,8:28,
TRANSAP,60502,Lastarria,23:18,
TRANSAP,50083,Gorbea,8:53,
TRANSAP,60500,Gorbea,9:45,
TRANSAP,60501,Gorbea,23:43,
TRANSAP,60502,Gorbea,0:10,
TRANSAP,60500,Pitrufquén,10:06,
TRANSAP,60502,Pitrufquén,0:31,
TRANSAP,60500,Freire,10:14,
TRANSAP,60502,Freire,0:39,
TRANSAP,60500,Quepe,10:30,
TRANSAP,60502,Quepe,0:55,
TRANSAP,60500,Metrenco,10:38,
TRANSAP,60502,Metrenco,1:03,
TRANSAP,50083,TEMUCO,11:02,
TRANSAP,60500,TEMUCO,11:07,
TRANSAP,60502,TEMUCO,1:27,
TRANSAP,60500,Cajón,11:23,
TRANSAP,60502,Cajón,1:43,
TRANSAP,60500,Pillanlelbún (desv.),11:35,
TRANSAP,60502,Pillanlelbún (desv.),1:55,
TRANSAP,50083,Lautaro,11:57,
TRANSAP,60500,Lautaro,12:55,
TRANSAP,60501,Lautaro,2:17,
TRANSAP,60502,Lautaro,2:40,
TRANSAP,60500,Perquenco,13:19,
TRANSAP,60502,Perquenco,3:04,
TRANSAP,60500,Púa,13:37,
TRANSAP,60502,Púa,3:22,
TRANSAP,50083,VICTORIA,13:57,
TRANSAP,60500,VICTORIA,16:10,
TRANSAP,60501,VICTORIA,3:42,
TRANSAP,60502,VICTORIA,4:45,
TRANSAP,60500,Inspector Fernández,16:20,
TRANSAP,60502,Inspector Fernández,4:55,
TRANSAP,60500,Ercilla,16:54,
TRANSAP,60502,Ercilla,5:29,
TRANSAP,60500,Collipulli,17:21,
TRANSAP,60502,Collipulli,5:56,
TRANSAP,50083,Mininco,17:55,
TRANSAP,60500,Mininco,18:25,
TRANSAP,60502,Mininco,6:30,
TRANSAP,60500,Renaico,19:00,
TRANSAP,60502,Renaico,7:05,
TRANSAP,60500,COIGÜE,19:24,
TRANSAP,60502,COIGÜE,7:29,
TRANSAP,60500,Santa,19:45,
TRANSAP,60502,Santa,7:50,
TRANSAP,60500,Diuquín,20:12,
TRANSAP,60502,Diuquín,8:17,
TRANSAP,50083,LAJA,20:31,
TRANSAP,60501,LAJA,8:36,
TRANSAP,60511,LAJA,22:00,
TRANSAP,60513,LAJA,9:45,
TRANSAP,60511,SAN ROSENDO,22:08,
TRANSAP,60502,SAN ROSENDO,9:53,
TRANSAP,60513,SAN ROSENDO,10:15,
TRANSAP,60511,Buenuraqui,22:25,
TRANSAP,60513,Buenuraqui,10:32,
TRANSAP,60500,Gomero,22:37,
TRANSAP,60511,Gomero,22:45,
TRANSAP,60513,Gomero,10:44,
TRANSAP,60500,Talcamávida,22:58,
TRANSAP,60511,Talcamávida,23:16,
TRANSAP,60513,Talcamávida,10:57,
TRANSAP,60511,Unihue,23:26,
TRANSAP,60502,Unihue,11:07,
TRANSAP,60513,Unihue,11:25,
TRANSAP,60500,Quilacoya,23:38,
TRANSAP,60511,Quilacoya,23:51,
TRANSAP,60513,Quilacoya,11:37,
TRANSAP,60511,Hualqui,0:06,
TRANSAP,60502,Hualqui,11:52,
TRANSAP,60513,Hualqui,12:01,
TRANSAP,60511,Leonera,0:17,
TRANSAP,60513,Leonera,12:12,
TRANSAP,60511,Chiguayante,0:22,
TRANSAP,60513,Chiguayante,12:17,
TRANSAP,60511,CONCEPCIÓN,0:36,
TRANSAP,60513,CONCEPCIÓN,12:31,
TRANSAP,60511,Biobío,0:48,
TRANSAP,60513,Biobío,12:43,
TRANSAP,60511,Boca Sur,0:53,
TRANSAP,60513,Boca Sur,12:48,
TRANSAP,60511,Lomas Coloradas,0:58,
TRANSAP,60513,Lomas Coloradas,12:53,
TRANSAP,60511,Escuadrón,1:07,
TRANSAP,60513,Escuadrón,13:02,
TRANSAP,60511,Lagunillas,1:13,
TRANSAP,60513,Lagunillas,13:08,
TRANSAP,60511,CORONEL,1:19,
TRANSAP,60513,CORONEL,13:14,
TRANSAP,60500,Patio Sur,1:29,
TRANSAP,60511,Patio Sur,2:00,
TRANSAP,60502,Patio Sur,13:24,
TRANSAP,60513,Patio Sur,13:40,
TRANSAP,60511,Lota,2:20,
TRANSAP,60513,Lota,14:00,
TRANSAP,60500,Chivilingo,2:52,
TRANSAP,60511,Chivilingo,3:40,
TRANSAP,60502,Chivilingo,14:32,
TRANSAP,60513,Chivilingo,15:00,
TRANSAP,60511,Laraquete,3:46,
TRANSAP,60513,Laraquete,15:06,
TRANSAP,60500,HORCONES,4:08,
TRANSAP,60502,HORCONES,15:28,
TRANSAP,60520,LAJA,21:25,
TRANSAP,60522,LAJA,9:50,
TRANSAP,60520,SAN ROSENDO,21:33,
TRANSAP,60522,SAN ROSENDO,9:58,
TRANSAP,60520,Turquía,21:48,
TRANSAP,60522,Turquía,10:13,
TRANSAP,60520,Yumbel,22:11,
TRANSAP,60522,Yumbel,10:36,
TRANSAP,60520,Monte Águila,22:32,
TRANSAP,60522,Monte Águila,10:57,
TRANSAP,60520,Cabrero,22:45,
TRANSAP,60502,Cabrero,11:10,
TRANSAP,60522,Cabrero,11:55,
TRANSAP,60500,General Cruz,23:06,
TRANSAP,60520,General Cruz,23:30,
TRANSAP,60502,General Cruz,12:16,
TRANSAP,60522,General Cruz,12:40,
TRANSAP,60520,Bulnes,0:08,
TRANSAP,60522,Bulnes,13:18,
TRANSAP,60500,RUCAPEQUÉN,0:26,
TRANSAP,60520,RUCAPEQUÉN,1:15,
TRANSAP,60502,RUCAPEQUÉN,13:36,
TRANSAP,60522,RUCAPEQUÉN,15:00,
TRANSAP,60500,NUEVA ALDEA,2:29,
TRANSAP,60502,NUEVA ALDEA,16:14,
TRANSAP,60501,LAJA,15:40,
TRANSAP,60503,LAJA,3:55,
TRANSAP,60501,Diuquín,15:58,
TRANSAP,60503,Diuquín,4:13,
TRANSAP,60501,Santa,16:23,
TRANSAP,60503,Santa,4:38,
TRANSAP,60501,COIGÜE,16:44,
TRANSAP,60503,COIGÜE,4:59,
TRANSAP,50056,Renaico,17:06,
TRANSAP,60501,Renaico,17:44,
TRANSAP,60503,Renaico,5:21,
TRANSAP,50056,Mininco,18:17,
TRANSAP,60501,Mininco,18:21,
TRANSAP,50084,Mininco,5:54,
TRANSAP,60503,Mininco,6:40,
TRANSAP,60501,Collipulli,18:54,
TRANSAP,60503,Collipulli,7:13,
TRANSAP,60501,Ercilla,19:19,
TRANSAP,60503,Ercilla,7:38,
TRANSAP,60501,Inspector Fernández,19:51,
TRANSAP,60503,Inspector Fernández,8:10,
TRANSAP,60501,VICTORIA,20:01,
TRANSAP,50084,VICTORIA,8:20,
TRANSAP,60503,VICTORIA,8:25,
TRANSAP,50056,Púa,20:21,
TRANSAP,60501,Púa,20:33,
TRANSAP,60503,Púa,8:45,
TRANSAP,60501,Perquenco,20:51,
TRANSAP,60503,Perquenco,9:03,
TRANSAP,50056,Lautaro,21:15,
TRANSAP,60501,Lautaro,21:23,
TRANSAP,50084,Lautaro,9:27,
TRANSAP,60503,Lautaro,9:56,
TRANSAP,60501,Pillanlelbún (desv.),21:45,
TRANSAP,60503,Pillanlelbún (desv.),10:18,
TRANSAP,60501,Cajón,21:57,
TRANSAP,60503,Cajón,10:30,
TRANSAP,50056,TEMUCO,22:13,
TRANSAP,60501,TEMUCO,22:18,
TRANSAP,50084,TEMUCO,10:46,
TRANSAP,60503,TEMUCO,11:08,
TRANSAP,50056,Metrenco,22:42,
TRANSAP,60501,Metrenco,23:05,
TRANSAP,60503,Metrenco,11:32,
TRANSAP,60501,Quepe,23:13,
TRANSAP,60503,Quepe,11:40,
TRANSAP,60501,Freire,23:29,
TRANSAP,50084,Freire,11:56,
TRANSAP,60503,Freire,12:20,
TRANSAP,60501,Pitrufquén,23:37,
TRANSAP,60503,Pitrufquén,12:28,
TRANSAP,60501,Gorbea,23:59,
TRANSAP,60503,Gorbea,12:50,
TRANSAP,60501,Lastarria,0:24,
TRANSAP,60503,Lastarria,13:15,
TRANSAP,60501,Loncoche,0:58,
TRANSAP,60503,Loncoche,13:49,
TRANSAP,60501,Lanco,1:23,
TRANSAP,60503,Lanco,14:14,
TRANSAP,50056,Aserr. Arauco (desv.),1:44,
TRANSAP,50084,Aserr. Arauco (desv.),14:35,
TRANSAP,50056,(8)Sábado cruza Lautaro con sale,9:40,
TRANSAP,60510,HORCONES,9:00,
TRANSAP,60512,HORCONES,20:50,
TRANSAP,60510,Laraquete,9:22,
TRANSAP,60512,Laraquete,21:12,
TRANSAP,60510,Chivilingo,9:28,
TRANSAP,60512,Chivilingo,21:18,
TRANSAP,60510,Lota,10:00,
TRANSAP,60512,Lota,21:50,
TRANSAP,60510,Patio Sur,10:20,
TRANSAP,60512,Patio Sur,22:10,
TRANSAP,60510,CORONEL,10:30,
TRANSAP,60512,CORONEL,22:20,
TRANSAP,60510,Lagunillas,10:36,
TRANSAP,60512,Lagunillas,22:26,
TRANSAP,60510,Escuadrón,10:42,
TRANSAP,60512,Escuadrón,22:32,
TRANSAP,60510,Lomas Coloradas,10:51,
TRANSAP,60512,Lomas Coloradas,22:41,
TRANSAP,60510,Boca Sur,10:56,
TRANSAP,60512,Boca Sur,22:46,
TRANSAP,60510,Biobío,11:01,
TRANSAP,60512,Biobío,22:51,
TRANSAP,60501,CONCEPCIÓN,11:13,
TRANSAP,60510,CONCEPCIÓN,11:30,
TRANSAP,60512,CONCEPCIÓN,23:03,
TRANSAP,60510,Chiguayante,11:44,
TRANSAP,60512,Chiguayante,23:17,
TRANSAP,60510,Leonera,11:49,
TRANSAP,60503,Leonera,23:22,
TRANSAP,60512,Leonera,23:25,
TRANSAP,60501,Hualqui,12:00,
TRANSAP,60510,Hualqui,12:17,
TRANSAP,60512,Hualqui,23:36,
TRANSAP,60510,Quilacoya,12:32,
TRANSAP,60512,Quilacoya,23:51,
TRANSAP,60510,Unihue,12:44,
TRANSAP,60512,Unihue,0:03,
TRANSAP,60501,Talcamávida,12:54,
TRANSAP,60510,Talcamávida,13:05,
TRANSAP,60512,Talcamávida,0:13,
TRANSAP,60510,Gomero,13:17,
TRANSAP,60512,Gomero,0:25,
TRANSAP,60510,Buenuraqui,13:28,
TRANSAP,60512,Buenuraqui,0:36,
TRANSAP,60510,SAN ROSENDO,13:45,
TRANSAP,60512,SAN ROSENDO,0:53,
TRANSAP,60501,LAJA,13:55,
TRANSAP,60503,LAJA,1:03,
TRANSAP,60521,NUEVA ALDEA,9:40,
TRANSAP,60523,NUEVA ALDEA,21:30,
TRANSAP,60501,RUCAPEQUÉN,10:53,
TRANSAP,60521,RUCAPEQUÉN,11:35,
TRANSAP,60503,RUCAPEQUÉN,22:43,
TRANSAP,60523,RUCAPEQUÉN,23:40,
TRANSAP,60521,Bulnes,11:50,
TRANSAP,60503,Bulnes,23:55,
TRANSAP,60523,Bulnes,0:20,
TRANSAP,60521,General Cruz,12:26,
TRANSAP,60523,General Cruz,0:56,
TRANSAP,60521,Cabrero,12:46,
TRANSAP,60523,Cabrero,1:16,
TRANSAP,60521,Monte Águila,12:58,
TRANSAP,60523,Monte Águila,1:28,
TRANSAP,60521,Yumbel,13:17,
TRANSAP,60523,Yumbel,1:47,
TRANSAP,60521,Turquía,13:39,
TRANSAP,60523,Turquía,2:09,
TRANSAP,60521,SAN ROSENDO,13:53,
TRANSAP,60523,SAN ROSENDO,2:23,
TRANSAP,60501,LAJA,14:01,
TRANSAP,60503,LAJA,2:31,
TRANSAP,60501,(10)Sábado cruza Rucapequén con sale,0:15,
