vehicle_id,nombre,velocidad_kmh,esfuerzo_n
engine-1,UT-CM (O),0.0,90000.0
engine-1,UT-CM (O),1.0,90000.0
engine-1,UT-CM (O),2.0,90000.0
engine-1,UT-CM (O),3.0,90000.0
engine-1,UT-CM (O),4.0,90000.0
engine-1,UT-CM (O),5.0,90000.0
engine-1,UT-CM (O),6.0,90000.0
engine-1,UT-CM (O),7.0,90000.0
engine-1,UT-CM (O),8.0,90000.0
engine-1,UT-CM (O),9.0,90000.0
engine-1,UT-CM (O),10.0,90000.0
engine-1,UT-CM (O),11.0,90000.0
engine-1,UT-CM (O),12.0,90000.0
engine-1,UT-CM (O),13.0,90000.0
engine-1,UT-CM (O),14.0,90000.0
engine-1,UT-CM (O),15.0,90000.0
engine-1,UT-CM (O),16.0,90000.0
engine-1,UT-CM (O),17.0,90000.0
engine-1,UT-CM (O),18.0,90000.0
engine-1,UT-CM (O),19.0,90000.0
engine-1,UT-CM (O),20.0,90000.0
engine-1,UT-CM (O),21.0,90000.0
engine-1,UT-CM (O),22.0,90000.0
engine-1,UT-CM (O),23.0,90000.0
engine-1,UT-CM (O),24.0,90000.0
engine-1,UT-CM (O),25.0,90000.0
engine-1,UT-CM (O),26.0,90000.0
engine-1,UT-CM (O),27.0,90000.0
engine-1,UT-CM (O),28.0,90000.0
engine-1,UT-CM (O),29.0,90000.0
engine-1,UT-CM (O),30.0,90000.0
engine-1,UT-CM (O),31.0,90000.0
engine-1,UT-CM (O),32.0,90000.0
engine-1,UT-CM (O),33.0,90000.0
engine-1,UT-CM (O),34.0,90000.0
engine-1,UT-CM (O),35.0,90000.0
engine-1,UT-CM (O),36.0,90000.0
engine-1,UT-CM (O),37.0,90000.0
engine-1,UT-CM (O),38.0,90000.0
engine-1,UT-CM (O),39.0,90000.0
engine-1,UT-CM (O),40.0,90000.0
engine-1,UT-CM (O),41.0,90000.0
engine-1,UT-CM (O),42.0,90000.0
engine-1,UT-CM (O),43.0,90000.0
engine-1,UT-CM (O),44.0,90000.0
engine-1,UT-CM (O),45.0,90000.0
engine-1,UT-CM (O),46.0,90000.0
engine-1,UT-CM (O),47.0,90000.0
engine-1,UT-CM (O),48.0,90000.0
engine-1,UT-CM (O),49.0,90000.0
engine-1,UT-CM (O),50.0,90000.0
engine-1,UT-CM (O),51.0,90000.0
engine-1,UT-CM (O),52.0,90000.0
engine-1,UT-CM (O),53.0,90000.0
engine-1,UT-CM (O),54.0,90000.0
engine-1,UT-CM (O),55.0,90000.0
engine-1,UT-CM (O),56.0,90000.0
engine-1,UT-CM (O),57.0,90000.0
engine-1,UT-CM (O),58.0,90000.0
engine-1,UT-CM (O),59.0,90000.0
engine-1,UT-CM (O),60.0,90000.0
engine-1,UT-CM (O),61.0,90000.0
engine-1,UT-CM (O),62.0,90000.0
engine-1,UT-CM (O),63.0,88000.0
engine-1,UT-CM (O),64.0,86000.0
engine-1,UT-CM (O),65.0,85000.0
engine-1,UT-CM (O),66.0,83000.0
engine-1,UT-CM (O),67.0,82000.0
engine-1,UT-CM (O),68.0,80000.0
engine-1,UT-CM (O),69.0,79000.0
engine-1,UT-CM (O),70.0,78000.0
engine-1,UT-CM (O),71.0,76000.0
engine-1,UT-CM (O),72.0,75000.0
engine-1,UT-CM (O),73.0,74000.0
engine-1,UT-CM (O),74.0,73000.0
engine-1,UT-CM (O),75.0,72000.0
engine-1,UT-CM (O),76.0,71000.0
engine-1,UT-CM (O),77.0,69000.0
engine-1,UT-CM (O),78.0,68000.0
engine-1,UT-CM (O),79.0,67000.0
engine-1,UT-CM (O),80.0,66000.0
engine-1,UT-CM (O),81.0,65000.0
engine-1,UT-CM (O),82.0,64000.0
engine-1,UT-CM (O),83.0,63000.0
engine-1,UT-CM (O),84.0,63000.0
engine-1,UT-CM (O),85.0,62000.0
engine-1,UT-CM (O),86.0,61000.0
engine-1,UT-CM (O),87.0,60000.0
engine-1,UT-CM (O),88.0,59000.0
engine-1,UT-CM (O),89.0,58000.0
engine-1,UT-CM (O),90.0,58000.0
engine-1,UT-CM (O),91.0,57000.0
engine-1,UT-CM (O),92.0,56000.0
engine-1,UT-CM (O),93.0,55000.0
engine-1,UT-CM (O),94.0,54000.0
engine-1,UT-CM (O),95.0,53000.0
engine-1,UT-CM (O),96.0,52000.0
engine-1,UT-CM (O),97.0,51000.0
engine-1,UT-CM (O),98.0,51000.0
engine-1,UT-CM (O),99.0,50000.0
engine-1,UT-CM (O),100.0,49000.0
engine-1,UT-CM (O),101.0,48000.0
engine-1,UT-CM (O),102.0,48000.0
engine-1,UT-CM (O),103.0,47000.0
engine-1,UT-CM (O),104.0,46000.0
engine-1,UT-CM (O),105.0,45000.0
engine-1,UT-CM (O),106.0,45000.0
engine-1,UT-CM (O),107.0,44000.0
engine-1,UT-CM (O),108.0,43000.0
engine-1,UT-CM (O),109.0,43000.0
engine-1,UT-CM (O),110.0,42000.0
engine-1,UT-CM (O),111.0,42000.0
engine-1,UT-CM (O),112.0,41000.0
engine-1,UT-CM (O),113.0,40000.0
engine-1,UT-CM (O),114.0,40000.0
engine-1,UT-CM (O),115.0,39000.0
engine-1,UT-CM (O),116.0,39000.0
engine-1,UT-CM (O),117.0,38000.0
engine-1,UT-CM (O),118.0,38000.0
engine-1,UT-CM (O),119.0,37000.0
engine-1,UT-CM (O),120.0,36000.0
engine-1,UT-CM (O),121.0,36000.0
engine-1,UT-CM (O),122.0,35000.0
engine-1,UT-CM (O),123.0,35000.0
engine-1,UT-CM (O),124.0,34000.0
engine-1,UT-CM (O),125.0,34000.0
engine-1,UT-CM (O),126.0,33000.0
engine-1,UT-CM (O),127.0,33000.0
engine-1,UT-CM (O),128.0,33000.0
engine-1,UT-CM (O),129.0,32000.0
engine-1,UT-CM (O),130.0,31000.0
engine-1,UT-CM (O),131.0,31000.0
engine-1,UT-CM (O),132.0,30000.0
engine-1,UT-CM (O),133.0,29000.0
engine-1,UT-CM (O),134.0,29000.0
engine-1,UT-CM (O),135.0,28000.0
engine-1,UT-CM (O),136.0,28000.0
engine-1,UT-CM (O),137.0,27000.0
engine-1,UT-CM (O),138.0,27000.0
engine-1,UT-CM (O),139.0,26000.0
engine-1,UT-CM (O),140.0,26000.0
engine-2,D-3350 (CDA5D1),0.0,430000.0
engine-2,D-3350 (CDA5D1),1.0,430000.0
engine-2,D-3350 (CDA5D1),2.0,430000.0
engine-2,D-3350 (CDA5D1),3.0,430000.0
engine-2,D-3350 (CDA5D1),4.0,430000.0
engine-2,D-3350 (CDA5D1),5.0,430000.0
engine-2,D-3350 (CDA5D1),6.0,430000.0
engine-2,D-3350 (CDA5D1),7.0,430000.0
engine-2,D-3350 (CDA5D1),8.0,430000.0
engine-2,D-3350 (CDA5D1),9.0,430000.0
engine-2,D-3350 (CDA5D1),10.0,430000.0
engine-2,D-3350 (CDA5D1),11.0,430000.0
engine-2,D-3350 (CDA5D1),12.0,430000.0
engine-2,D-3350 (CDA5D1),13.0,430000.0
engine-2,D-3350 (CDA5D1),14.0,430000.0
engine-2,D-3350 (CDA5D1),15.0,401000.0
engine-2,D-3350 (CDA5D1),16.0,376000.0
engine-2,D-3350 (CDA5D1),17.0,354000.0
engine-2,D-3350 (CDA5D1),18.0,334000.0
engine-2,D-3350 (CDA5D1),19.0,316000.0
engine-2,D-3350 (CDA5D1),20.0,300000.0
engine-2,D-3350 (CDA5D1),21.0,286000.0
engine-2,D-3350 (CDA5D1),22.0,273000.0
engine-2,D-3350 (CDA5D1),23.0,261000.0
engine-2,D-3350 (CDA5D1),24.0,250000.0
engine-2,D-3350 (CDA5D1),25.0,240000.0
engine-2,D-3350 (CDA5D1),26.0,231000.0
engine-2,D-3350 (CDA5D1),27.0,222000.0
engine-2,D-3350 (CDA5D1),28.0,214000.0
engine-2,D-3350 (CDA5D1),29.0,207000.0
engine-2,D-3350 (CDA5D1),30.0,200000.0
engine-2,D-3350 (CDA5D1),31.0,194000.0
engine-2,D-3350 (CDA5D1),32.0,187000.0
engine-2,D-3350 (CDA5D1),33.0,182000.0
engine-2,D-3350 (CDA5D1),34.0,176000.0
engine-2,D-3350 (CDA5D1),35.0,171000.0
engine-2,D-3350 (CDA5D1),36.0,167000.0
engine-2,D-3350 (CDA5D1),37.0,162000.0
engine-2,D-3350 (CDA5D1),38.0,158000.0
engine-2,D-3350 (CDA5D1),39.0,154000.0
engine-2,D-3350 (CDA5D1),40.0,150000.0
engine-2,D-3350 (CDA5D1),41.0,146000.0
engine-2,D-3350 (CDA5D1),42.0,143000.0
engine-2,D-3350 (CDA5D1),43.0,139000.0
engine-2,D-3350 (CDA5D1),44.0,136000.0
engine-2,D-3350 (CDA5D1),45.0,133000.0
engine-2,D-3350 (CDA5D1),46.0,130000.0
engine-2,D-3350 (CDA5D1),47.0,127000.0
engine-2,D-3350 (CDA5D1),48.0,125000.0
engine-2,D-3350 (CDA5D1),49.0,122000.0
engine-2,D-3350 (CDA5D1),50.0,120000.0
engine-2,D-3350 (CDA5D1),51.0,117000.0
engine-2,D-3350 (CDA5D1),52.0,115000.0
engine-2,D-3350 (CDA5D1),53.0,113000.0
engine-2,D-3350 (CDA5D1),54.0,111000.0
engine-2,D-3350 (CDA5D1),55.0,109000.0
engine-2,D-3350 (CDA5D1),56.0,107000.0
engine-2,D-3350 (CDA5D1),57.0,105000.0
engine-2,D-3350 (CDA5D1),58.0,103000.0
engine-2,D-3350 (CDA5D1),59.0,101000.0
engine-2,D-3350 (CDA5D1),60.0,100000.0
engine-2,D-3350 (CDA5D1),61.0,98000.0
engine-2,D-3350 (CDA5D1),62.0,96000.0
engine-2,D-3350 (CDA5D1),63.0,95000.0
engine-2,D-3350 (CDA5D1),64.0,93000.0
engine-2,D-3350 (CDA5D1),65.0,92000.0
engine-2,D-3350 (CDA5D1),66.0,91000.0
engine-2,D-3350 (CDA5D1),67.0,89000.0
engine-2,D-3350 (CDA5D1),68.0,88000.0
engine-2,D-3350 (CDA5D1),69.0,87000.0
engine-2,D-3350 (CDA5D1),70.0,85000.0
engine-2,D-3350 (CDA5D1),71.0,84000.0
engine-2,D-3350 (CDA5D1),72.0,83000.0
engine-2,D-3350 (CDA5D1),73.0,82000.0
engine-2,D-3350 (CDA5D1),74.0,81000.0
engine-2,D-3350 (CDA5D1),75.0,80000.0
engine-2,D-3350 (CDA5D1),76.0,79000.0
engine-2,D-3350 (CDA5D1),77.0,77000.0
engine-2,D-3350 (CDA5D1),78.0,76000.0
engine-2,D-3350 (CDA5D1),79.0,76000.0
engine-2,D-3350 (CDA5D1),80.0,75000.0
engine-2,D-3350 (CDA5D1),81.0,74000.0
engine-2,D-3350 (CDA5D1),82.0,73000.0
engine-2,D-3350 (CDA5D1),83.0,72000.0
engine-2,D-3350 (CDA5D1),84.0,71000.0
engine-2,D-3350 (CDA5D1),85.0,70000.0
engine-2,D-3350 (CDA5D1),86.0,69000.0
engine-2,D-3350 (CDA5D1),87.0,69000.0
engine-2,D-3350 (CDA5D1),88.0,68000.0
engine-2,D-3350 (CDA5D1),89.0,67000.0
engine-2,D-3350 (CDA5D1),90.0,66000.0
engine-2,D-3350 (CDA5D1),91.0,65000.0
engine-2,D-3350 (CDA5D1),92.0,65000.0
engine-2,D-3350 (CDA5D1),93.0,64000.0
engine-2,D-3350 (CDA5D1),94.0,63000.0
engine-2,D-3350 (CDA5D1),95.0,63000.0
engine-2,D-3350 (CDA5D1),96.0,62000.0
engine-2,D-3350 (CDA5D1),97.0,61000.0
engine-2,D-3350 (CDA5D1),98.0,61000.0
engine-2,D-3350 (CDA5D1),99.0,60000.0
engine-2,D-3350 (CDA5D1),100.0,60000.0
engine-3,UT-CM,0.0,87000.0
engine-3,UT-CM,1.0,87000.0
engine-3,UT-CM,2.0,87000.0
engine-3,UT-CM,3.0,87000.0
engine-3,UT-CM,4.0,87000.0
engine-3,UT-CM,5.0,87000.0
engine-3,UT-CM,6.0,87000.0
engine-3,UT-CM,7.0,87000.0
engine-3,UT-CM,8.0,87000.0
engine-3,UT-CM,9.0,87000.0
engine-3,UT-CM,10.0,87000.0
engine-3,UT-CM,11.0,87000.0
engine-3,UT-CM,12.0,87000.0
engine-3,UT-CM,13.0,87000.0
engine-3,UT-CM,14.0,87000.0
engine-3,UT-CM,15.0,87000.0
engine-3,UT-CM,16.0,87000.0
engine-3,UT-CM,17.0,87000.0
engine-3,UT-CM,18.0,87000.0
engine-3,UT-CM,19.0,87000.0
engine-3,UT-CM,20.0,87000.0
engine-3,UT-CM,21.0,87000.0
engine-3,UT-CM,22.0,87000.0
engine-3,UT-CM,23.0,87000.0
engine-3,UT-CM,24.0,87000.0
engine-3,UT-CM,25.0,87000.0
engine-3,UT-CM,26.0,87000.0
engine-3,UT-CM,27.0,87000.0
engine-3,UT-CM,28.0,87000.0
engine-3,UT-CM,29.0,84000.0
engine-3,UT-CM,30.0,81000.0
engine-3,UT-CM,31.0,78000.0
engine-3,UT-CM,32.0,76000.0
engine-3,UT-CM,33.0,74000.0
engine-3,UT-CM,34.0,72000.0
engine-3,UT-CM,35.0,70000.0
engine-3,UT-CM,36.0,68000.0
engine-3,UT-CM,37.0,66000.0
engine-3,UT-CM,38.0,64000.0
engine-3,UT-CM,39.0,63000.0
engine-3,UT-CM,40.0,61000.0
engine-3,UT-CM,41.0,60000.0
engine-3,UT-CM,42.0,58000.0
engine-3,UT-CM,43.0,57000.0
engine-3,UT-CM,44.0,56000.0
engine-3,UT-CM,45.0,55000.0
engine-3,UT-CM,46.0,54000.0
engine-3,UT-CM,47.0,53000.0
engine-3,UT-CM,48.0,51000.0
engine-3,UT-CM,49.0,49000.0
engine-3,UT-CM,50.0,47000.0
engine-3,UT-CM,51.0,45000.0
engine-3,UT-CM,52.0,44000.0
engine-3,UT-CM,53.0,42000.0
engine-3,UT-CM,54.0,40000.0
engine-3,UT-CM,55.0,39000.0
engine-3,UT-CM,56.0,38000.0
engine-3,UT-CM,57.0,78000.0
engine-3,UT-CM,58.0,76000.0
engine-3,UT-CM,59.0,75000.0
engine-3,UT-CM,60.0,74000.0
engine-3,UT-CM,61.0,72000.0
engine-3,UT-CM,62.0,71000.0
engine-3,UT-CM,63.0,70000.0
engine-3,UT-CM,64.0,69000.0
engine-3,UT-CM,65.0,68000.0
engine-3,UT-CM,66.0,67000.0
engine-3,UT-CM,67.0,66000.0
engine-3,UT-CM,68.0,65000.0
engine-3,UT-CM,69.0,64000.0
engine-3,UT-CM,70.0,63000.0
engine-3,UT-CM,71.0,62000.0
engine-3,UT-CM,72.0,62000.0
engine-3,UT-CM,73.0,61000.0
engine-3,UT-CM,74.0,60000.0
engine-3,UT-CM,75.0,59000.0
engine-3,UT-CM,76.0,58000.0
engine-3,UT-CM,77.0,58000.0
engine-3,UT-CM,78.0,57000.0
engine-3,UT-CM,79.0,56000.0
engine-3,UT-CM,80.0,56000.0
engine-3,UT-CM,81.0,55000.0
engine-3,UT-CM,82.0,54000.0
engine-3,UT-CM,83.0,54000.0
engine-3,UT-CM,84.0,53000.0
engine-3,UT-CM,85.0,52000.0
engine-3,UT-CM,86.0,52000.0
engine-3,UT-CM,87.0,51000.0
engine-3,UT-CM,88.0,51000.0
engine-3,UT-CM,89.0,50000.0
engine-3,UT-CM,90.0,50000.0
engine-3,UT-CM,91.0,48000.0
engine-3,UT-CM,92.0,47000.0
engine-3,UT-CM,93.0,46000.0
engine-3,UT-CM,94.0,45000.0
engine-3,UT-CM,95.0,44000.0
engine-3,UT-CM,96.0,44000.0
engine-3,UT-CM,97.0,43000.0
engine-3,UT-CM,98.0,42000.0
engine-3,UT-CM,99.0,41000.0
engine-3,UT-CM,100.0,40000.0
engine-3,UT-CM,101.0,39000.0
engine-3,UT-CM,102.0,38000.0
engine-3,UT-CM,103.0,37000.0
engine-3,UT-CM,104.0,37000.0
engine-3,UT-CM,105.0,36000.0
engine-3,UT-CM,106.0,35000.0
engine-3,UT-CM,107.0,34000.0
engine-3,UT-CM,108.0,34000.0
engine-3,UT-CM,109.0,33000.0
engine-3,UT-CM,110.0,32000.0
engine-3,UT-CM,111.0,31000.0
engine-3,UT-CM,112.0,31000.0
engine-3,UT-CM,113.0,30000.0
engine-3,UT-CM,114.0,29000.0
engine-3,UT-CM,115.0,29000.0
engine-3,UT-CM,116.0,28000.0
engine-3,UT-CM,117.0,27000.0
engine-3,UT-CM,118.0,27000.0
engine-3,UT-CM,119.0,26000.0
engine-3,UT-CM,120.0,26000.0
engine-4,UT-CM (R),0.0,91000.0
engine-4,UT-CM (R),1.0,91000.0
engine-4,UT-CM (R),2.0,91000.0
engine-4,UT-CM (R),3.0,91000.0
engine-4,UT-CM (R),4.0,91000.0
engine-4,UT-CM (R),5.0,91000.0
engine-4,UT-CM (R),6.0,91000.0
engine-4,UT-CM (R),7.0,91000.0
engine-4,UT-CM (R),8.0,91000.0
engine-4,UT-CM (R),9.0,91000.0
engine-4,UT-CM (R),10.0,91000.0
engine-4,UT-CM (R),11.0,91000.0
engine-4,UT-CM (R),12.0,91000.0
engine-4,UT-CM (R),13.0,91000.0
engine-4,UT-CM (R),14.0,91000.0
engine-4,UT-CM (R),15.0,91000.0
engine-4,UT-CM (R),16.0,91000.0
engine-4,UT-CM (R),17.0,91000.0
engine-4,UT-CM (R),18.0,91000.0
engine-4,UT-CM (R),19.0,91000.0
engine-4,UT-CM (R),20.0,91000.0
engine-4,UT-CM (R),21.0,91000.0
engine-4,UT-CM (R),22.0,91000.0
engine-4,UT-CM (R),23.0,91000.0
engine-4,UT-CM (R),24.0,91000.0
engine-4,UT-CM (R),25.0,91000.0
engine-4,UT-CM (R),26.0,91000.0
engine-4,UT-CM (R),27.0,91000.0
engine-4,UT-CM (R),28.0,91000.0
engine-4,UT-CM (R),29.0,87000.0
engine-4,UT-CM (R),30.0,85000.0
engine-4,UT-CM (R),31.0,82000.0
engine-4,UT-CM (R),32.0,79000.0
engine-4,UT-CM (R),33.0,77000.0
engine-4,UT-CM (R),34.0,75000.0
engine-4,UT-CM (R),35.0,73000.0
engine-4,UT-CM (R),36.0,71000.0
engine-4,UT-CM (R),37.0,69000.0
engine-4,UT-CM (R),38.0,67000.0
engine-4,UT-CM (R),39.0,65000.0
engine-4,UT-CM (R),40.0,64000.0
engine-4,UT-CM (R),41.0,62000.0
engine-4,UT-CM (R),42.0,61000.0
engine-4,UT-CM (R),43.0,59000.0
engine-4,UT-CM (R),44.0,58000.0
engine-4,UT-CM (R),45.0,57000.0
engine-4,UT-CM (R),46.0,56000.0
engine-4,UT-CM (R),47.0,55000.0
engine-4,UT-CM (R),48.0,52000.0
engine-4,UT-CM (R),49.0,50000.0
engine-4,UT-CM (R),50.0,49000.0
engine-4,UT-CM (R),51.0,47000.0
engine-4,UT-CM (R),52.0,45000.0
engine-4,UT-CM (R),53.0,43000.0
engine-4,UT-CM (R),54.0,42000.0
engine-4,UT-CM (R),55.0,40000.0
engine-4,UT-CM (R),56.0,39000.0
engine-4,UT-CM (R),57.0,78000.0
engine-4,UT-CM (R),58.0,76000.0
engine-4,UT-CM (R),59.0,75000.0
engine-4,UT-CM (R),60.0,74000.0
engine-4,UT-CM (R),61.0,72000.0
engine-4,UT-CM (R),62.0,71000.0
engine-4,UT-CM (R),63.0,70000.0
engine-4,UT-CM (R),64.0,69000.0
engine-4,UT-CM (R),65.0,68000.0
engine-4,UT-CM (R),66.0,67000.0
engine-4,UT-CM (R),67.0,66000.0
engine-4,UT-CM (R),68.0,65000.0
engine-4,UT-CM (R),69.0,64000.0
engine-4,UT-CM (R),70.0,63000.0
engine-4,UT-CM (R),71.0,62000.0
engine-4,UT-CM (R),72.0,62000.0
engine-4,UT-CM (R),73.0,61000.0
engine-4,UT-CM (R),74.0,60000.0
engine-4,UT-CM (R),75.0,59000.0
engine-4,UT-CM (R),76.0,58000.0
engine-4,UT-CM (R),77.0,58000.0
engine-4,UT-CM (R),78.0,57000.0
engine-4,UT-CM (R),79.0,56000.0
engine-4,UT-CM (R),80.0,56000.0
engine-4,UT-CM (R),81.0,55000.0
engine-4,UT-CM (R),82.0,54000.0
engine-4,UT-CM (R),83.0,54000.0
engine-4,UT-CM (R),84.0,53000.0
engine-4,UT-CM (R),85.0,52000.0
engine-4,UT-CM (R),86.0,52000.0
engine-4,UT-CM (R),87.0,51000.0
engine-4,UT-CM (R),88.0,51000.0
engine-4,UT-CM (R),89.0,50000.0
engine-4,UT-CM (R),90.0,50000.0
engine-4,UT-CM (R),91.0,48000.0
engine-4,UT-CM (R),92.0,47000.0
engine-4,UT-CM (R),93.0,46000.0
engine-4,UT-CM (R),94.0,45000.0
engine-4,UT-CM (R),95.0,44000.0
engine-4,UT-CM (R),96.0,44000.0
engine-4,UT-CM (R),97.0,43000.0
engine-4,UT-CM (R),98.0,42000.0
engine-4,UT-CM (R),99.0,41000.0
engine-4,UT-CM (R),100.0,40000.0
engine-4,UT-CM (R),101.0,39000.0
engine-4,UT-CM (R),102.0,38000.0
engine-4,UT-CM (R),103.0,37000.0
engine-4,UT-CM (R),104.0,37000.0
engine-4,UT-CM (R),105.0,36000.0
engine-4,UT-CM (R),106.0,35000.0
engine-4,UT-CM (R),107.0,34000.0
engine-4,UT-CM (R),108.0,34000.0
engine-4,UT-CM (R),109.0,33000.0
engine-4,UT-CM (R),110.0,32000.0
engine-4,UT-CM (R),111.0,31000.0
engine-4,UT-CM (R),112.0,31000.0
engine-4,UT-CM (R),113.0,30000.0
engine-4,UT-CM (R),114.0,29000.0
engine-4,UT-CM (R),115.0,29000.0
engine-4,UT-CM (R),116.0,28000.0
engine-4,UT-CM (R),117.0,27000.0
engine-4,UT-CM (R),118.0,27000.0
engine-4,UT-CM (R),119.0,26000.0
engine-4,UT-CM (R),120.0,26000.0
engine-5,SFE-100 M1 (AW3),0.0,215000.0
engine-5,SFE-100 M1 (AW3),1.0,215000.0
engine-5,SFE-100 M1 (AW3),2.0,215000.0
engine-5,SFE-100 M1 (AW3),3.0,215000.0
engine-5,SFE-100 M1 (AW3),4.0,215000.0
engine-5,SFE-100 M1 (AW3),5.0,215000.0
engine-5,SFE-100 M1 (AW3),6.0,215000.0
engine-5,SFE-100 M1 (AW3),7.0,215000.0
engine-5,SFE-100 M1 (AW3),8.0,215000.0
engine-5,SFE-100 M1 (AW3),9.0,215000.0
engine-5,SFE-100 M1 (AW3),10.0,215000.0
engine-5,SFE-100 M1 (AW3),11.0,215000.0
engine-5,SFE-100 M1 (AW3),12.0,215000.0
engine-5,SFE-100 M1 (AW3),13.0,215000.0
engine-5,SFE-100 M1 (AW3),14.0,215000.0
engine-5,SFE-100 M1 (AW3),15.0,215000.0
engine-5,SFE-100 M1 (AW3),16.0,215000.0
engine-5,SFE-100 M1 (AW3),17.0,215000.0
engine-5,SFE-100 M1 (AW3),18.0,215000.0
engine-5,SFE-100 M1 (AW3),19.0,215000.0
engine-5,SFE-100 M1 (AW3),20.0,215000.0
engine-5,SFE-100 M1 (AW3),21.0,215000.0
engine-5,SFE-100 M1 (AW3),22.0,215000.0
engine-5,SFE-100 M1 (AW3),23.0,215000.0
engine-5,SFE-100 M1 (AW3),24.0,215000.0
engine-5,SFE-100 M1 (AW3),25.0,215000.0
engine-5,SFE-100 M1 (AW3),26.0,215000.0
engine-5,SFE-100 M1 (AW3),27.0,215000.0
engine-5,SFE-100 M1 (AW3),28.0,215000.0
engine-5,SFE-100 M1 (AW3),29.0,215000.0
engine-5,SFE-100 M1 (AW3),30.0,215000.0
engine-5,SFE-100 M1 (AW3),31.0,215000.0
engine-5,SFE-100 M1 (AW3),32.0,215000.0
engine-5,SFE-100 M1 (AW3),33.0,215000.0
engine-5,SFE-100 M1 (AW3),34.0,215000.0
engine-5,SFE-100 M1 (AW3),35.0,215000.0
engine-5,SFE-100 M1 (AW3),36.0,215000.0
engine-5,SFE-100 M1 (AW3),37.0,215000.0
engine-5,SFE-100 M1 (AW3),38.0,215000.0
engine-5,SFE-100 M1 (AW3),39.0,215000.0
engine-5,SFE-100 M1 (AW3),40.0,215000.0
engine-5,SFE-100 M1 (AW3),41.0,209000.0
engine-5,SFE-100 M1 (AW3),42.0,204000.0
engine-5,SFE-100 M1 (AW3),43.0,199000.0
engine-5,SFE-100 M1 (AW3),44.0,195000.0
engine-5,SFE-100 M1 (AW3),45.0,191000.0
engine-5,SFE-100 M1 (AW3),46.0,186000.0
engine-5,SFE-100 M1 (AW3),47.0,182000.0
engine-5,SFE-100 M1 (AW3),48.0,179000.0
engine-5,SFE-100 M1 (AW3),49.0,175000.0
engine-5,SFE-100 M1 (AW3),50.0,171000.0
engine-5,SFE-100 M1 (AW3),51.0,168000.0
engine-5,SFE-100 M1 (AW3),52.0,165000.0
engine-5,SFE-100 M1 (AW3),53.0,162000.0
engine-5,SFE-100 M1 (AW3),54.0,159000.0
engine-5,SFE-100 M1 (AW3),55.0,156000.0
engine-5,SFE-100 M1 (AW3),56.0,153000.0
engine-5,SFE-100 M1 (AW3),57.0,150000.0
engine-5,SFE-100 M1 (AW3),58.0,147000.0
engine-5,SFE-100 M1 (AW3),59.0,145000.0
engine-5,SFE-100 M1 (AW3),60.0,143000.0
engine-5,SFE-100 M1 (AW3),61.0,140000.0
engine-5,SFE-100 M1 (AW3),62.0,138000.0
engine-5,SFE-100 M1 (AW3),63.0,136000.0
engine-5,SFE-100 M1 (AW3),64.0,134000.0
engine-5,SFE-100 M1 (AW3),65.0,131000.0
engine-5,SFE-100 M1 (AW3),66.0,129000.0
engine-5,SFE-100 M1 (AW3),67.0,127000.0
engine-5,SFE-100 M1 (AW3),68.0,126000.0
engine-5,SFE-100 M1 (AW3),69.0,124000.0
engine-5,SFE-100 M1 (AW3),70.0,122000.0
engine-5,SFE-100 M1 (AW3),71.0,120000.0
engine-5,SFE-100 M1 (AW3),72.0,119000.0
engine-5,SFE-100 M1 (AW3),73.0,117000.0
engine-5,SFE-100 M1 (AW3),74.0,115000.0
engine-5,SFE-100 M1 (AW3),75.0,114000.0
engine-5,SFE-100 M1 (AW3),76.0,112000.0
engine-5,SFE-100 M1 (AW3),77.0,111000.0
engine-5,SFE-100 M1 (AW3),78.0,109000.0
engine-5,SFE-100 M1 (AW3),79.0,108000.0
engine-5,SFE-100 M1 (AW3),80.0,107000.0
engine-5,SFE-100 M1 (AW3),81.0,105000.0
engine-5,SFE-100 M1 (AW3),82.0,104000.0
engine-5,SFE-100 M1 (AW3),83.0,103000.0
engine-5,SFE-100 M1 (AW3),84.0,101000.0
engine-5,SFE-100 M1 (AW3),85.0,100000.0
engine-5,SFE-100 M1 (AW3),86.0,99000.0
engine-5,SFE-100 M1 (AW3),87.0,98000.0
engine-5,SFE-100 M1 (AW3),88.0,97000.0
engine-5,SFE-100 M1 (AW3),89.0,96000.0
engine-5,SFE-100 M1 (AW3),90.0,95000.0
engine-5,SFE-100 M1 (AW3),91.0,93000.0
engine-5,SFE-100 M1 (AW3),92.0,91000.0
engine-5,SFE-100 M1 (AW3),93.0,89000.0
engine-5,SFE-100 M1 (AW3),94.0,88000.0
engine-5,SFE-100 M1 (AW3),95.0,86000.0
engine-5,SFE-100 M1 (AW3),96.0,84000.0
engine-5,SFE-100 M1 (AW3),97.0,83000.0
engine-5,SFE-100 M1 (AW3),98.0,81000.0
engine-5,SFE-100 M1 (AW3),99.0,80000.0
engine-5,SFE-100 M1 (AW3),100.0,78000.0
engine-5,SFE-100 M1 (AW3),101.0,77000.0
engine-5,SFE-100 M1 (AW3),102.0,75000.0
engine-5,SFE-100 M1 (AW3),103.0,74000.0
engine-5,SFE-100 M1 (AW3),104.0,73000.0
engine-5,SFE-100 M1 (AW3),105.0,71000.0
engine-5,SFE-100 M1 (AW3),106.0,70000.0
engine-5,SFE-100 M1 (AW3),107.0,69000.0
engine-5,SFE-100 M1 (AW3),108.0,67000.0
engine-5,SFE-100 M1 (AW3),109.0,66000.0
engine-5,SFE-100 M1 (AW3),110.0,65000.0
engine-5,SFE-100 M1 (AW3),111.0,64000.0
engine-5,SFE-100 M1 (AW3),112.0,62000.0
engine-5,SFE-100 M1 (AW3),113.0,61000.0
engine-5,SFE-100 M1 (AW3),114.0,60000.0
engine-5,SFE-100 M1 (AW3),115.0,59000.0
engine-5,SFE-100 M1 (AW3),116.0,58000.0
engine-5,SFE-100 M1 (AW3),117.0,57000.0
engine-5,SFE-100 M1 (AW3),118.0,56000.0
engine-5,SFE-100 M1 (AW3),119.0,55000.0
engine-5,SFE-100 M1 (AW3),120.0,54000.0
engine-5,SFE-100 M1 (AW3),121.0,53000.0
engine-5,SFE-100 M1 (AW3),122.0,52000.0
engine-5,SFE-100 M1 (AW3),123.0,51000.0
engine-5,SFE-100 M1 (AW3),124.0,50000.0
engine-5,SFE-100 M1 (AW3),125.0,49000.0
engine-5,SFE-100 M1 (AW3),126.0,48000.0
engine-5,SFE-100 M1 (AW3),127.0,47000.0
engine-5,SFE-100 M1 (AW3),128.0,46000.0
engine-5,SFE-100 M1 (AW3),129.0,45000.0
engine-5,SFE-100 M1 (AW3),130.0,44000.0
engine-5,SFE-100 M1 (AW3),131.0,43000.0
engine-5,SFE-100 M1 (AW3),132.0,43000.0
engine-6,SFE-100/200 M (AW3),0.0,107000.0
engine-6,SFE-100/200 M (AW3),1.0,107000.0
engine-6,SFE-100/200 M (AW3),2.0,107000.0
engine-6,SFE-100/200 M (AW3),3.0,107000.0
engine-6,SFE-100/200 M (AW3),4.0,107000.0
engine-6,SFE-100/200 M (AW3),5.0,107000.0
engine-6,SFE-100/200 M (AW3),6.0,107000.0
engine-6,SFE-100/200 M (AW3),7.0,107000.0
engine-6,SFE-100/200 M (AW3),8.0,107000.0
engine-6,SFE-100/200 M (AW3),9.0,107000.0
engine-6,SFE-100/200 M (AW3),10.0,107000.0
engine-6,SFE-100/200 M (AW3),11.0,107000.0
engine-6,SFE-100/200 M (AW3),12.0,107000.0
engine-6,SFE-100/200 M (AW3),13.0,107000.0
engine-6,SFE-100/200 M (AW3),14.0,107000.0
engine-6,SFE-100/200 M (AW3),15.0,107000.0
engine-6,SFE-100/200 M (AW3),16.0,107000.0
engine-6,SFE-100/200 M (AW3),17.0,107000.0
engine-6,SFE-100/200 M (AW3),18.0,107000.0
engine-6,SFE-100/200 M (AW3),19.0,107000.0
engine-6,SFE-100/200 M (AW3),20.0,107000.0
engine-6,SFE-100/200 M (AW3),21.0,107000.0
engine-6,SFE-100/200 M (AW3),22.0,107000.0
engine-6,SFE-100/200 M (AW3),23.0,107000.0
engine-6,SFE-100/200 M (AW3),24.0,107000.0
engine-6,SFE-100/200 M (AW3),25.0,107000.0
engine-6,SFE-100/200 M (AW3),26.0,107000.0
engine-6,SFE-100/200 M (AW3),27.0,107000.0
engine-6,SFE-100/200 M (AW3),28.0,107000.0
engine-6,SFE-100/200 M (AW3),29.0,107000.0
engine-6,SFE-100/200 M (AW3),30.0,107000.0
engine-6,SFE-100/200 M (AW3),31.0,107000.0
engine-6,SFE-100/200 M (AW3),32.0,107000.0
engine-6,SFE-100/200 M (AW3),33.0,107000.0
engine-6,SFE-100/200 M (AW3),34.0,107000.0
engine-6,SFE-100/200 M (AW3),35.0,107000.0
engine-6,SFE-100/200 M (AW3),36.0,107000.0
engine-6,SFE-100/200 M (AW3),37.0,107000.0
engine-6,SFE-100/200 M (AW3),38.0,107000.0
engine-6,SFE-100/200 M (AW3),39.0,107000.0
engine-6,SFE-100/200 M (AW3),40.0,107000.0
engine-6,SFE-100/200 M (AW3),41.0,104000.0
engine-6,SFE-100/200 M (AW3),42.0,101000.0
engine-6,SFE-100/200 M (AW3),43.0,99000.0
engine-6,SFE-100/200 M (AW3),44.0,97000.0
engine-6,SFE-100/200 M (AW3),45.0,95000.0
engine-6,SFE-100/200 M (AW3),46.0,93000.0
engine-6,SFE-100/200 M (AW3),47.0,91000.0
engine-6,SFE-100/200 M (AW3),48.0,89000.0
engine-6,SFE-100/200 M (AW3),49.0,87000.0
engine-6,SFE-100/200 M (AW3),50.0,85000.0
engine-6,SFE-100/200 M (AW3),51.0,84000.0
engine-6,SFE-100/200 M (AW3),52.0,82000.0
engine-6,SFE-100/200 M (AW3),53.0,80000.0
engine-6,SFE-100/200 M (AW3),54.0,79000.0
engine-6,SFE-100/200 M (AW3),55.0,78000.0
engine-6,SFE-100/200 M (AW3),56.0,76000.0
engine-6,SFE-100/200 M (AW3),57.0,75000.0
engine-6,SFE-100/200 M (AW3),58.0,74000.0
engine-6,SFE-100/200 M (AW3),59.0,72000.0
engine-6,SFE-100/200 M (AW3),60.0,71000.0
engine-6,SFE-100/200 M (AW3),61.0,70000.0
engine-6,SFE-100/200 M (AW3),62.0,69000.0
engine-6,SFE-100/200 M (AW3),63.0,68000.0
engine-6,SFE-100/200 M (AW3),64.0,67000.0
engine-6,SFE-100/200 M (AW3),65.0,66000.0
engine-6,SFE-100/200 M (AW3),66.0,65000.0
engine-6,SFE-100/200 M (AW3),67.0,64000.0
engine-6,SFE-100/200 M (AW3),68.0,63000.0
engine-6,SFE-100/200 M (AW3),69.0,62000.0
engine-6,SFE-100/200 M (AW3),70.0,61000.0
engine-6,SFE-100/200 M (AW3),71.0,60000.0
engine-6,SFE-100/200 M (AW3),72.0,59000.0
engine-6,SFE-100/200 M (AW3),73.0,58000.0
engine-6,SFE-100/200 M (AW3),74.0,58000.0
engine-6,SFE-100/200 M (AW3),75.0,57000.0
engine-6,SFE-100/200 M (AW3),76.0,56000.0
engine-6,SFE-100/200 M (AW3),77.0,55000.0
engine-6,SFE-100/200 M (AW3),78.0,55000.0
engine-6,SFE-100/200 M (AW3),79.0,54000.0
engine-6,SFE-100/200 M (AW3),80.0,53000.0
engine-6,SFE-100/200 M (AW3),81.0,53000.0
engine-6,SFE-100/200 M (AW3),82.0,52000.0
engine-6,SFE-100/200 M (AW3),83.0,51000.0
engine-6,SFE-100/200 M (AW3),84.0,51000.0
engine-6,SFE-100/200 M (AW3),85.0,50000.0
engine-6,SFE-100/200 M (AW3),86.0,50000.0
engine-6,SFE-100/200 M (AW3),87.0,49000.0
engine-6,SFE-100/200 M (AW3),88.0,49000.0
engine-6,SFE-100/200 M (AW3),89.0,48000.0
engine-6,SFE-100/200 M (AW3),90.0,48000.0
engine-6,SFE-100/200 M (AW3),91.0,47000.0
engine-6,SFE-100/200 M (AW3),92.0,46000.0
engine-6,SFE-100/200 M (AW3),93.0,45000.0
engine-6,SFE-100/200 M (AW3),94.0,44000.0
engine-6,SFE-100/200 M (AW3),95.0,43000.0
engine-6,SFE-100/200 M (AW3),96.0,42000.0
engine-6,SFE-100/200 M (AW3),97.0,42000.0
engine-6,SFE-100/200 M (AW3),98.0,41000.0
engine-6,SFE-100/200 M (AW3),99.0,40000.0
engine-6,SFE-100/200 M (AW3),100.0,39000.0
engine-6,SFE-100/200 M (AW3),101.0,39000.0
engine-6,SFE-100/200 M (AW3),102.0,38000.0
engine-6,SFE-100/200 M (AW3),103.0,37000.0
engine-6,SFE-100/200 M (AW3),104.0,37000.0
engine-6,SFE-100/200 M (AW3),105.0,36000.0
engine-6,SFE-100/200 M (AW3),106.0,35000.0
engine-6,SFE-100/200 M (AW3),107.0,35000.0
engine-6,SFE-100/200 M (AW3),108.0,34000.0
engine-6,SFE-100/200 M (AW3),109.0,33000.0
engine-6,SFE-100/200 M (AW3),110.0,33000.0
engine-6,SFE-100/200 M (AW3),111.0,32000.0
engine-6,SFE-100/200 M (AW3),112.0,31000.0
engine-6,SFE-100/200 M (AW3),113.0,31000.0
engine-6,SFE-100/200 M (AW3),114.0,30000.0
engine-6,SFE-100/200 M (AW3),115.0,30000.0
engine-6,SFE-100/200 M (AW3),116.0,29000.0
engine-6,SFE-100/200 M (AW3),117.0,29000.0
engine-6,SFE-100/200 M (AW3),118.0,28000.0
engine-6,SFE-100/200 M (AW3),119.0,28000.0
engine-6,SFE-100/200 M (AW3),120.0,27000.0
engine-6,SFE-100/200 M (AW3),121.0,27000.0
engine-6,SFE-100/200 M (AW3),122.0,26000.0
engine-6,SFE-100/200 M (AW3),123.0,26000.0
engine-6,SFE-100/200 M (AW3),124.0,25000.0
engine-6,SFE-100/200 M (AW3),125.0,25000.0
engine-6,SFE-100/200 M (AW3),126.0,24000.0
engine-6,SFE-100/200 M (AW3),127.0,24000.0
engine-6,SFE-100/200 M (AW3),128.0,23000.0
engine-6,SFE-100/200 M (AW3),129.0,23000.0
engine-6,SFE-100/200 M (AW3),130.0,22000.0
engine-6,SFE-100/200 M (AW3),131.0,22000.0
engine-6,SFE-100/200 M (AW3),132.0,22000.0
engine-7,SFE-100/200 M (Vacío),0.0,107000.0
engine-7,SFE-100/200 M (Vacío),1.0,107000.0
engine-7,SFE-100/200 M (Vacío),2.0,107000.0
engine-7,SFE-100/200 M (Vacío),3.0,107000.0
engine-7,SFE-100/200 M (Vacío),4.0,107000.0
engine-7,SFE-100/200 M (Vacío),5.0,107000.0
engine-7,SFE-100/200 M (Vacío),6.0,107000.0
engine-7,SFE-100/200 M (Vacío),7.0,107000.0
engine-7,SFE-100/200 M (Vacío),8.0,107000.0
engine-7,SFE-100/200 M (Vacío),9.0,107000.0
engine-7,SFE-100/200 M (Vacío),10.0,107000.0
engine-7,SFE-100/200 M (Vacío),11.0,107000.0
engine-7,SFE-100/200 M (Vacío),12.0,107000.0
engine-7,SFE-100/200 M (Vacío),13.0,107000.0
engine-7,SFE-100/200 M (Vacío),14.0,107000.0
engine-7,SFE-100/200 M (Vacío),15.0,107000.0
engine-7,SFE-100/200 M (Vacío),16.0,107000.0
engine-7,SFE-100/200 M (Vacío),17.0,107000.0
engine-7,SFE-100/200 M (Vacío),18.0,107000.0
engine-7,SFE-100/200 M (Vacío),19.0,107000.0
engine-7,SFE-100/200 M (Vacío),20.0,107000.0
engine-7,SFE-100/200 M (Vacío),21.0,107000.0
engine-7,SFE-100/200 M (Vacío),22.0,107000.0
engine-7,SFE-100/200 M (Vacío),23.0,107000.0
engine-7,SFE-100/200 M (Vacío),24.0,107000.0
engine-7,SFE-100/200 M (Vacío),25.0,107000.0
engine-7,SFE-100/200 M (Vacío),26.0,107000.0
engine-7,SFE-100/200 M (Vacío),27.0,107000.0
engine-7,SFE-100/200 M (Vacío),28.0,107000.0
engine-7,SFE-100/200 M (Vacío),29.0,107000.0
engine-7,SFE-100/200 M (Vacío),30.0,107000.0
engine-7,SFE-100/200 M (Vacío),31.0,107000.0
engine-7,SFE-100/200 M (Vacío),32.0,107000.0
engine-7,SFE-100/200 M (Vacío),33.0,107000.0
engine-7,SFE-100/200 M (Vacío),34.0,107000.0
engine-7,SFE-100/200 M (Vacío),35.0,107000.0
engine-7,SFE-100/200 M (Vacío),36.0,107000.0
engine-7,SFE-100/200 M (Vacío),37.0,107000.0
engine-7,SFE-100/200 M (Vacío),38.0,107000.0
engine-7,SFE-100/200 M (Vacío),39.0,107000.0
engine-7,SFE-100/200 M (Vacío),40.0,107000.0
engine-7,SFE-100/200 M (Vacío),41.0,104000.0
engine-7,SFE-100/200 M (Vacío),42.0,101000.0
engine-7,SFE-100/200 M (Vacío),43.0,99000.0
engine-7,SFE-100/200 M (Vacío),44.0,97000.0
engine-7,SFE-100/200 M (Vacío),45.0,95000.0
engine-7,SFE-100/200 M (Vacío),46.0,93000.0
engine-7,SFE-100/200 M (Vacío),47.0,91000.0
engine-7,SFE-100/200 M (Vacío),48.0,89000.0
engine-7,SFE-100/200 M (Vacío),49.0,87000.0
engine-7,SFE-100/200 M (Vacío),50.0,85000.0
engine-7,SFE-100/200 M (Vacío),51.0,84000.0
engine-7,SFE-100/200 M (Vacío),52.0,82000.0
engine-7,SFE-100/200 M (Vacío),53.0,80000.0
engine-7,SFE-100/200 M (Vacío),54.0,79000.0
engine-7,SFE-100/200 M (Vacío),55.0,78000.0
engine-7,SFE-100/200 M (Vacío),56.0,76000.0
engine-7,SFE-100/200 M (Vacío),57.0,75000.0
engine-7,SFE-100/200 M (Vacío),58.0,74000.0
engine-7,SFE-100/200 M (Vacío),59.0,72000.0
engine-7,SFE-100/200 M (Vacío),60.0,71000.0
engine-7,SFE-100/200 M (Vacío),61.0,70000.0
engine-7,SFE-100/200 M (Vacío),62.0,69000.0
engine-7,SFE-100/200 M (Vacío),63.0,68000.0
engine-7,SFE-100/200 M (Vacío),64.0,67000.0
engine-7,SFE-100/200 M (Vacío),65.0,66000.0
engine-7,SFE-100/200 M (Vacío),66.0,65000.0
engine-7,SFE-100/200 M (Vacío),67.0,64000.0
engine-7,SFE-100/200 M (Vacío),68.0,63000.0
engine-7,SFE-100/200 M (Vacío),69.0,62000.0
engine-7,SFE-100/200 M (Vacío),70.0,61000.0
engine-7,SFE-100/200 M (Vacío),71.0,60000.0
engine-7,SFE-100/200 M (Vacío),72.0,59000.0
engine-7,SFE-100/200 M (Vacío),73.0,58000.0
engine-7,SFE-100/200 M (Vacío),74.0,58000.0
engine-7,SFE-100/200 M (Vacío),75.0,57000.0
engine-7,SFE-100/200 M (Vacío),76.0,56000.0
engine-7,SFE-100/200 M (Vacío),77.0,55000.0
engine-7,SFE-100/200 M (Vacío),78.0,55000.0
engine-7,SFE-100/200 M (Vacío),79.0,54000.0
engine-7,SFE-100/200 M (Vacío),80.0,53000.0
engine-7,SFE-100/200 M (Vacío),81.0,53000.0
engine-7,SFE-100/200 M (Vacío),82.0,52000.0
engine-7,SFE-100/200 M (Vacío),83.0,51000.0
engine-7,SFE-100/200 M (Vacío),84.0,51000.0
engine-7,SFE-100/200 M (Vacío),85.0,50000.0
engine-7,SFE-100/200 M (Vacío),86.0,50000.0
engine-7,SFE-100/200 M (Vacío),87.0,49000.0
engine-7,SFE-100/200 M (Vacío),88.0,49000.0
engine-7,SFE-100/200 M (Vacío),89.0,48000.0
engine-7,SFE-100/200 M (Vacío),90.0,48000.0
engine-7,SFE-100/200 M (Vacío),91.0,47000.0
engine-7,SFE-100/200 M (Vacío),92.0,46000.0
engine-7,SFE-100/200 M (Vacío),93.0,45000.0
engine-7,SFE-100/200 M (Vacío),94.0,44000.0
engine-7,SFE-100/200 M (Vacío),95.0,43000.0
engine-7,SFE-100/200 M (Vacío),96.0,42000.0
engine-7,SFE-100/200 M (Vacío),97.0,42000.0
engine-7,SFE-100/200 M (Vacío),98.0,41000.0
engine-7,SFE-100/200 M (Vacío),99.0,40000.0
engine-7,SFE-100/200 M (Vacío),100.0,39000.0
engine-7,SFE-100/200 M (Vacío),101.0,39000.0
engine-7,SFE-100/200 M (Vacío),102.0,38000.0
engine-7,SFE-100/200 M (Vacío),103.0,37000.0
engine-7,SFE-100/200 M (Vacío),104.0,37000.0
engine-7,SFE-100/200 M (Vacío),105.0,36000.0
engine-7,SFE-100/200 M (Vacío),106.0,35000.0
engine-7,SFE-100/200 M (Vacío),107.0,35000.0
engine-7,SFE-100/200 M (Vacío),108.0,34000.0
engine-7,SFE-100/200 M (Vacío),109.0,33000.0
engine-7,SFE-100/200 M (Vacío),110.0,33000.0
engine-7,SFE-100/200 M (Vacío),111.0,32000.0
engine-7,SFE-100/200 M (Vacío),112.0,31000.0
engine-7,SFE-100/200 M (Vacío),113.0,31000.0
engine-7,SFE-100/200 M (Vacío),114.0,30000.0
engine-7,SFE-100/200 M (Vacío),115.0,30000.0
engine-7,SFE-100/200 M (Vacío),116.0,29000.0
engine-7,SFE-100/200 M (Vacío),117.0,29000.0
engine-7,SFE-100/200 M (Vacío),118.0,28000.0
engine-7,SFE-100/200 M (Vacío),119.0,28000.0
engine-7,SFE-100/200 M (Vacío),120.0,27000.0
engine-7,SFE-100/200 M (Vacío),121.0,27000.0
engine-7,SFE-100/200 M (Vacío),122.0,26000.0
engine-7,SFE-100/200 M (Vacío),123.0,26000.0
engine-7,SFE-100/200 M (Vacío),124.0,25000.0
engine-7,SFE-100/200 M (Vacío),125.0,25000.0
engine-7,SFE-100/200 M (Vacío),126.0,24000.0
engine-7,SFE-100/200 M (Vacío),127.0,24000.0
engine-7,SFE-100/200 M (Vacío),128.0,23000.0
engine-7,SFE-100/200 M (Vacío),129.0,23000.0
engine-7,SFE-100/200 M (Vacío),130.0,22000.0
engine-7,SFE-100/200 M (Vacío),131.0,22000.0
engine-7,SFE-100/200 M (Vacío),132.0,22000.0
engine-8,SFE-100 M1 200A (AW3),0.0,215000.0
engine-8,SFE-100 M1 200A (AW3),1.0,215000.0
engine-8,SFE-100 M1 200A (AW3),2.0,215000.0
engine-8,SFE-100 M1 200A (AW3),3.0,215000.0
engine-8,SFE-100 M1 200A (AW3),4.0,215000.0
engine-8,SFE-100 M1 200A (AW3),5.0,215000.0
engine-8,SFE-100 M1 200A (AW3),6.0,215000.0
engine-8,SFE-100 M1 200A (AW3),7.0,215000.0
engine-8,SFE-100 M1 200A (AW3),8.0,215000.0
engine-8,SFE-100 M1 200A (AW3),9.0,215000.0
engine-8,SFE-100 M1 200A (AW3),10.0,215000.0
engine-8,SFE-100 M1 200A (AW3),11.0,215000.0
engine-8,SFE-100 M1 200A (AW3),12.0,215000.0
engine-8,SFE-100 M1 200A (AW3),13.0,198000.0
engine-8,SFE-100 M1 200A (AW3),14.0,184000.0
engine-8,SFE-100 M1 200A (AW3),15.0,172000.0
engine-8,SFE-100 M1 200A (AW3),16.0,161000.0
engine-8,SFE-100 M1 200A (AW3),17.0,152000.0
engine-8,SFE-100 M1 200A (AW3),18.0,143000.0
engine-8,SFE-100 M1 200A (AW3),19.0,136000.0
engine-8,SFE-100 M1 200A (AW3),20.0,129000.0
engine-8,SFE-100 M1 200A (AW3),21.0,123000.0
engine-8,SFE-100 M1 200A (AW3),22.0,117000.0
engine-8,SFE-100 M1 200A (AW3),23.0,112000.0
engine-8,SFE-100 M1 200A (AW3),24.0,108000.0
engine-8,SFE-100 M1 200A (AW3),25.0,104000.0
engine-8,SFE-100 M1 200A (AW3),26.0,100000.0
engine-8,SFE-100 M1 200A (AW3),27.0,96000.0
engine-8,SFE-100 M1 200A (AW3),28.0,93000.0
engine-8,SFE-100 M1 200A (AW3),29.0,89000.0
engine-8,SFE-100 M1 200A (AW3),30.0,86000.0
engine-8,SFE-100 M1 200A (AW3),31.0,84000.0
engine-8,SFE-100 M1 200A (AW3),32.0,81000.0
engine-8,SFE-100 M1 200A (AW3),33.0,79000.0
engine-8,SFE-100 M1 200A (AW3),34.0,76000.0
engine-8,SFE-100 M1 200A (AW3),35.0,74000.0
engine-8,SFE-100 M1 200A (AW3),36.0,72000.0
engine-8,SFE-100 M1 200A (AW3),37.0,70000.0
engine-8,SFE-100 M1 200A (AW3),38.0,68000.0
engine-8,SFE-100 M1 200A (AW3),39.0,67000.0
engine-8,SFE-100 M1 200A (AW3),40.0,65000.0
engine-8,SFE-100 M1 200A (AW3),41.0,64000.0
engine-8,SFE-100 M1 200A (AW3),42.0,62000.0
engine-8,SFE-100 M1 200A (AW3),43.0,61000.0
engine-8,SFE-100 M1 200A (AW3),44.0,59000.0
engine-8,SFE-100 M1 200A (AW3),45.0,58000.0
engine-8,SFE-100 M1 200A (AW3),46.0,57000.0
engine-8,SFE-100 M1 200A (AW3),47.0,56000.0
engine-8,SFE-100 M1 200A (AW3),48.0,54000.0
engine-8,SFE-100 M1 200A (AW3),49.0,53000.0
engine-8,SFE-100 M1 200A (AW3),50.0,52000.0
engine-8,SFE-100 M1 200A (AW3),51.0,51000.0
engine-8,SFE-100 M1 200A (AW3),52.0,50000.0
engine-8,SFE-100 M1 200A (AW3),53.0,49000.0
engine-8,SFE-100 M1 200A (AW3),54.0,48000.0
engine-8,SFE-100 M1 200A (AW3),55.0,48000.0
engine-8,SFE-100 M1 200A (AW3),56.0,47000.0
engine-8,SFE-100 M1 200A (AW3),57.0,46000.0
engine-8,SFE-100 M1 200A (AW3),58.0,45000.0
engine-8,SFE-100 M1 200A (AW3),59.0,44000.0
engine-8,SFE-100 M1 200A (AW3),60.0,44000.0
engine-8,SFE-100 M1 200A (AW3),61.0,43000.0
engine-8,SFE-100 M1 200A (AW3),62.0,42000.0
engine-8,SFE-100 M1 200A (AW3),63.0,42000.0
engine-8,SFE-100 M1 200A (AW3),64.0,41000.0
engine-8,SFE-100 M1 200A (AW3),65.0,40000.0
engine-8,SFE-100 M1 200A (AW3),66.0,40000.0
engine-8,SFE-100 M1 200A (AW3),67.0,39000.0
engine-8,SFE-100 M1 200A (AW3),68.0,39000.0
engine-8,SFE-100 M1 200A (AW3),69.0,38000.0
engine-8,SFE-100 M1 200A (AW3),70.0,38000.0
engine-8,SFE-100 M1 200A (AW3),71.0,37000.0
engine-8,SFE-100 M1 200A (AW3),72.0,37000.0
engine-8,SFE-100 M1 200A (AW3),73.0,36000.0
engine-8,SFE-100 M1 200A (AW3),74.0,36000.0
engine-8,SFE-100 M1 200A (AW3),75.0,35000.0
engine-8,SFE-100 M1 200A (AW3),76.0,35000.0
engine-8,SFE-100 M1 200A (AW3),77.0,34000.0
engine-8,SFE-100 M1 200A (AW3),78.0,34000.0
engine-8,SFE-100 M1 200A (AW3),79.0,33000.0
engine-8,SFE-100 M1 200A (AW3),80.0,33000.0
engine-8,SFE-100 M1 200A (AW3),81.0,33000.0
engine-8,SFE-100 M1 200A (AW3),82.0,32000.0
engine-8,SFE-100 M1 200A (AW3),83.0,32000.0
engine-8,SFE-100 M1 200A (AW3),84.0,32000.0
engine-8,SFE-100 M1 200A (AW3),85.0,31000.0
engine-8,SFE-100 M1 200A (AW3),86.0,31000.0
engine-8,SFE-100 M1 200A (AW3),87.0,30000.0
engine-8,SFE-100 M1 200A (AW3),88.0,30000.0
engine-8,SFE-100 M1 200A (AW3),89.0,30000.0
engine-8,SFE-100 M1 200A (AW3),90.0,30000.0
engine-8,SFE-100 M1 200A (AW3),91.0,29000.0
engine-8,SFE-100 M1 200A (AW3),92.0,28000.0
engine-8,SFE-100 M1 200A (AW3),93.0,28000.0
engine-8,SFE-100 M1 200A (AW3),94.0,27000.0
engine-8,SFE-100 M1 200A (AW3),95.0,26000.0
engine-8,SFE-100 M1 200A (AW3),96.0,26000.0
engine-8,SFE-100 M1 200A (AW3),97.0,25000.0
engine-8,SFE-100 M1 200A (AW3),98.0,25000.0
engine-8,SFE-100 M1 200A (AW3),99.0,24000.0
engine-8,SFE-100 M1 200A (AW3),100.0,24000.0
engine-8,SFE-100 M1 200A (AW3),101.0,23000.0
engine-8,SFE-100 M1 200A (AW3),102.0,23000.0
engine-8,SFE-100 M1 200A (AW3),103.0,22000.0
engine-8,SFE-100 M1 200A (AW3),104.0,22000.0
engine-8,SFE-100 M1 200A (AW3),105.0,21000.0
engine-8,SFE-100 M1 200A (AW3),106.0,21000.0
engine-8,SFE-100 M1 200A (AW3),107.0,20000.0
engine-8,SFE-100 M1 200A (AW3),108.0,20000.0
engine-8,SFE-100 M1 200A (AW3),109.0,19000.0
engine-8,SFE-100 M1 200A (AW3),110.0,19000.0
engine-8,SFE-100 M1 200A (AW3),111.0,18000.0
engine-8,SFE-100 M1 200A (AW3),112.0,18000.0
engine-8,SFE-100 M1 200A (AW3),113.0,18000.0
engine-8,SFE-100 M1 200A (AW3),114.0,17000.0
engine-8,SFE-100 M1 200A (AW3),115.0,17000.0
engine-8,SFE-100 M1 200A (AW3),116.0,16000.0
engine-8,SFE-100 M1 200A (AW3),117.0,16000.0
engine-8,SFE-100 M1 200A (AW3),118.0,16000.0
engine-8,SFE-100 M1 200A (AW3),119.0,15000.0
engine-8,SFE-100 M1 200A (AW3),120.0,15000.0
engine-8,SFE-100 M1 200A (AW3),121.0,15000.0
engine-8,SFE-100 M1 200A (AW3),122.0,14000.0
engine-8,SFE-100 M1 200A (AW3),123.0,14000.0
engine-8,SFE-100 M1 200A (AW3),124.0,13000.0
engine-8,SFE-100 M1 200A (AW3),125.0,13000.0
engine-8,SFE-100 M1 200A (AW3),126.0,13000.0
engine-8,SFE-100 M1 200A (AW3),127.0,12000.0
engine-8,SFE-100 M1 200A (AW3),128.0,12000.0
engine-8,SFE-100 M1 200A (AW3),129.0,12000.0
engine-8,SFE-100 M1 200A (AW3),130.0,12000.0
engine-9,SFE-100 200A (AW3),0.0,205000.0
engine-9,SFE-100 200A (AW3),1.0,205000.0
engine-9,SFE-100 200A (AW3),2.0,205000.0
engine-9,SFE-100 200A (AW3),3.0,205000.0
engine-9,SFE-100 200A (AW3),4.0,205000.0
engine-9,SFE-100 200A (AW3),5.0,205000.0
engine-9,SFE-100 200A (AW3),6.0,205000.0
engine-9,SFE-100 200A (AW3),7.0,175000.0
engine-9,SFE-100 200A (AW3),8.0,153000.0
engine-9,SFE-100 200A (AW3),9.0,136000.0
engine-9,SFE-100 200A (AW3),10.0,123000.0
engine-9,SFE-100 200A (AW3),11.0,112000.0
engine-9,SFE-100 200A (AW3),12.0,102000.0
engine-9,SFE-100 200A (AW3),13.0,94000.0
engine-9,SFE-100 200A (AW3),14.0,88000.0
engine-9,SFE-100 200A (AW3),15.0,82000.0
engine-9,SFE-100 200A (AW3),16.0,77000.0
engine-9,SFE-100 200A (AW3),17.0,72000.0
engine-9,SFE-100 200A (AW3),18.0,68000.0
engine-9,SFE-100 200A (AW3),19.0,65000.0
engine-9,SFE-100 200A (AW3),20.0,61000.0
engine-9,SFE-100 200A (AW3),21.0,58000.0
engine-9,SFE-100 200A (AW3),22.0,56000.0
engine-9,SFE-100 200A (AW3),23.0,53000.0
engine-9,SFE-100 200A (AW3),24.0,51000.0
engine-9,SFE-100 200A (AW3),25.0,49000.0
engine-9,SFE-100 200A (AW3),26.0,47000.0
engine-9,SFE-100 200A (AW3),27.0,45000.0
engine-9,SFE-100 200A (AW3),28.0,44000.0
engine-9,SFE-100 200A (AW3),29.0,42000.0
engine-9,SFE-100 200A (AW3),30.0,41000.0
engine-9,SFE-100 200A (AW3),31.0,40000.0
engine-9,SFE-100 200A (AW3),32.0,38000.0
engine-9,SFE-100 200A (AW3),33.0,37000.0
engine-9,SFE-100 200A (AW3),34.0,36000.0
engine-9,SFE-100 200A (AW3),35.0,35000.0
engine-9,SFE-100 200A (AW3),36.0,34000.0
engine-9,SFE-100 200A (AW3),37.0,33000.0
engine-9,SFE-100 200A (AW3),38.0,32000.0
engine-9,SFE-100 200A (AW3),39.0,31000.0
engine-9,SFE-100 200A (AW3),40.0,31000.0
engine-9,SFE-100 200A (AW3),41.0,30000.0
engine-9,SFE-100 200A (AW3),42.0,29000.0
engine-9,SFE-100 200A (AW3),43.0,28000.0
engine-9,SFE-100 200A (AW3),44.0,28000.0
engine-9,SFE-100 200A (AW3),45.0,27000.0
engine-9,SFE-100 200A (AW3),46.0,27000.0
engine-9,SFE-100 200A (AW3),47.0,26000.0
engine-9,SFE-100 200A (AW3),48.0,25000.0
engine-9,SFE-100 200A (AW3),49.0,25000.0
engine-9,SFE-100 200A (AW3),50.0,24000.0
engine-9,SFE-100 200A (AW3),51.0,24000.0
engine-9,SFE-100 200A (AW3),52.0,24000.0
engine-9,SFE-100 200A (AW3),53.0,23000.0
engine-9,SFE-100 200A (AW3),54.0,23000.0
engine-9,SFE-100 200A (AW3),55.0,22000.0
engine-9,SFE-100 200A (AW3),56.0,22000.0
engine-9,SFE-100 200A (AW3),57.0,21000.0
engine-9,SFE-100 200A (AW3),58.0,21000.0
engine-9,SFE-100 200A (AW3),59.0,21000.0
engine-9,SFE-100 200A (AW3),60.0,20000.0
engine-9,SFE-100 200A (AW3),61.0,20000.0
engine-9,SFE-100 200A (AW3),62.0,20000.0
engine-9,SFE-100 200A (AW3),63.0,19000.0
engine-9,SFE-100 200A (AW3),64.0,19000.0
engine-9,SFE-100 200A (AW3),65.0,19000.0
engine-9,SFE-100 200A (AW3),66.0,19000.0
engine-9,SFE-100 200A (AW3),67.0,18000.0
engine-9,SFE-100 200A (AW3),68.0,18000.0
engine-9,SFE-100 200A (AW3),69.0,18000.0
engine-9,SFE-100 200A (AW3),70.0,17000.0
engine-9,SFE-100 200A (AW3),71.0,17000.0
engine-9,SFE-100 200A (AW3),72.0,17000.0
engine-9,SFE-100 200A (AW3),73.0,17000.0
engine-9,SFE-100 200A (AW3),74.0,17000.0
engine-9,SFE-100 200A (AW3),75.0,16000.0
engine-9,SFE-100 200A (AW3),76.0,16000.0
engine-9,SFE-100 200A (AW3),77.0,16000.0
engine-9,SFE-100 200A (AW3),78.0,16000.0
engine-9,SFE-100 200A (AW3),79.0,15000.0
engine-9,SFE-100 200A (AW3),80.0,15000.0
engine-9,SFE-100 200A (AW3),81.0,15000.0
engine-9,SFE-100 200A (AW3),82.0,15000.0
engine-9,SFE-100 200A (AW3),83.0,15000.0
engine-9,SFE-100 200A (AW3),84.0,15000.0
engine-9,SFE-100 200A (AW3),85.0,14000.0
engine-9,SFE-100 200A (AW3),86.0,14000.0
engine-9,SFE-100 200A (AW3),87.0,14000.0
engine-9,SFE-100 200A (AW3),88.0,14000.0
engine-9,SFE-100 200A (AW3),89.0,14000.0
engine-9,SFE-100 200A (AW3),90.0,14000.0
engine-9,SFE-100 200A (AW3),91.0,13000.0
engine-9,SFE-100 200A (AW3),92.0,13000.0
engine-9,SFE-100 200A (AW3),93.0,13000.0
engine-9,SFE-100 200A (AW3),94.0,13000.0
engine-9,SFE-100 200A (AW3),95.0,13000.0
engine-9,SFE-100 200A (AW3),96.0,13000.0
engine-9,SFE-100 200A (AW3),97.0,13000.0
engine-9,SFE-100 200A (AW3),98.0,12000.0
engine-9,SFE-100 200A (AW3),99.0,12000.0
engine-9,SFE-100 200A (AW3),100.0,12000.0
engine-9,SFE-100 200A (AW3),101.0,12000.0
engine-9,SFE-100 200A (AW3),102.0,12000.0
engine-9,SFE-100 200A (AW3),103.0,12000.0
engine-9,SFE-100 200A (AW3),104.0,12000.0
engine-9,SFE-100 200A (AW3),105.0,12000.0
engine-9,SFE-100 200A (AW3),106.0,11000.0
engine-9,SFE-100 200A (AW3),107.0,11000.0
engine-9,SFE-100 200A (AW3),108.0,11000.0
engine-9,SFE-100 200A (AW3),109.0,11000.0
engine-9,SFE-100 200A (AW3),110.0,11000.0
engine-9,SFE-100 200A (AW3),111.0,11000.0
engine-9,SFE-100 200A (AW3),112.0,11000.0
engine-9,SFE-100 200A (AW3),113.0,11000.0
engine-9,SFE-100 200A (AW3),114.0,11000.0
engine-9,SFE-100 200A (AW3),115.0,11000.0
engine-9,SFE-100 200A (AW3),116.0,11000.0
engine-10,SFE-100 200A (0),0.0,205000.0
engine-10,SFE-100 200A (0),1.0,205000.0
engine-10,SFE-100 200A (0),2.0,205000.0
engine-10,SFE-100 200A (0),3.0,205000.0
engine-10,SFE-100 200A (0),4.0,205000.0
engine-10,SFE-100 200A (0),5.0,205000.0
engine-10,SFE-100 200A (0),6.0,205000.0
engine-10,SFE-100 200A (0),7.0,175000.0
engine-10,SFE-100 200A (0),8.0,153000.0
engine-10,SFE-100 200A (0),9.0,136000.0
engine-10,SFE-100 200A (0),10.0,123000.0
engine-10,SFE-100 200A (0),11.0,112000.0
engine-10,SFE-100 200A (0),12.0,102000.0
engine-10,SFE-100 200A (0),13.0,94000.0
engine-10,SFE-100 200A (0),14.0,88000.0
engine-10,SFE-100 200A (0),15.0,82000.0
engine-10,SFE-100 200A (0),16.0,77000.0
engine-10,SFE-100 200A (0),17.0,72000.0
engine-10,SFE-100 200A (0),18.0,68000.0
engine-10,SFE-100 200A (0),19.0,65000.0
engine-10,SFE-100 200A (0),20.0,61000.0
engine-10,SFE-100 200A (0),21.0,58000.0
engine-10,SFE-100 200A (0),22.0,56000.0
engine-10,SFE-100 200A (0),23.0,53000.0
engine-10,SFE-100 200A (0),24.0,51000.0
engine-10,SFE-100 200A (0),25.0,49000.0
engine-10,SFE-100 200A (0),26.0,47000.0
engine-10,SFE-100 200A (0),27.0,45000.0
engine-10,SFE-100 200A (0),28.0,44000.0
engine-10,SFE-100 200A (0),29.0,42000.0
engine-10,SFE-100 200A (0),30.0,41000.0
engine-10,SFE-100 200A (0),31.0,40000.0
engine-10,SFE-100 200A (0),32.0,38000.0
engine-10,SFE-100 200A (0),33.0,37000.0
engine-10,SFE-100 200A (0),34.0,36000.0
engine-10,SFE-100 200A (0),35.0,35000.0
engine-10,SFE-100 200A (0),36.0,34000.0
engine-10,SFE-100 200A (0),37.0,33000.0
engine-10,SFE-100 200A (0),38.0,32000.0
engine-10,SFE-100 200A (0),39.0,31000.0
engine-10,SFE-100 200A (0),40.0,31000.0
engine-10,SFE-100 200A (0),41.0,30000.0
engine-10,SFE-100 200A (0),42.0,29000.0
engine-10,SFE-100 200A (0),43.0,28000.0
engine-10,SFE-100 200A (0),44.0,28000.0
engine-10,SFE-100 200A (0),45.0,27000.0
engine-10,SFE-100 200A (0),46.0,27000.0
engine-10,SFE-100 200A (0),47.0,26000.0
engine-10,SFE-100 200A (0),48.0,25000.0
engine-10,SFE-100 200A (0),49.0,25000.0
engine-10,SFE-100 200A (0),50.0,24000.0
engine-10,SFE-100 200A (0),51.0,24000.0
engine-10,SFE-100 200A (0),52.0,24000.0
engine-10,SFE-100 200A (0),53.0,23000.0
engine-10,SFE-100 200A (0),54.0,23000.0
engine-10,SFE-100 200A (0),55.0,22000.0
engine-10,SFE-100 200A (0),56.0,22000.0
engine-10,SFE-100 200A (0),57.0,21000.0
engine-10,SFE-100 200A (0),58.0,21000.0
engine-10,SFE-100 200A (0),59.0,21000.0
engine-10,SFE-100 200A (0),60.0,20000.0
engine-10,SFE-100 200A (0),61.0,20000.0
engine-10,SFE-100 200A (0),62.0,20000.0
engine-10,SFE-100 200A (0),63.0,19000.0
engine-10,SFE-100 200A (0),64.0,19000.0
engine-10,SFE-100 200A (0),65.0,19000.0
engine-10,SFE-100 200A (0),66.0,19000.0
engine-10,SFE-100 200A (0),67.0,18000.0
engine-10,SFE-100 200A (0),68.0,18000.0
engine-10,SFE-100 200A (0),69.0,18000.0
engine-10,SFE-100 200A (0),70.0,17000.0
engine-10,SFE-100 200A (0),71.0,17000.0
engine-10,SFE-100 200A (0),72.0,17000.0
engine-10,SFE-100 200A (0),73.0,17000.0
engine-10,SFE-100 200A (0),74.0,17000.0
engine-10,SFE-100 200A (0),75.0,16000.0
engine-10,SFE-100 200A (0),76.0,16000.0
engine-10,SFE-100 200A (0),77.0,16000.0
engine-10,SFE-100 200A (0),78.0,16000.0
engine-10,SFE-100 200A (0),79.0,15000.0
engine-10,SFE-100 200A (0),80.0,15000.0
engine-10,SFE-100 200A (0),81.0,15000.0
engine-10,SFE-100 200A (0),82.0,15000.0
engine-10,SFE-100 200A (0),83.0,15000.0
engine-10,SFE-100 200A (0),84.0,15000.0
engine-10,SFE-100 200A (0),85.0,14000.0
engine-10,SFE-100 200A (0),86.0,14000.0
engine-10,SFE-100 200A (0),87.0,14000.0
engine-10,SFE-100 200A (0),88.0,14000.0
engine-10,SFE-100 200A (0),89.0,14000.0
engine-10,SFE-100 200A (0),90.0,14000.0
engine-10,SFE-100 200A (0),91.0,13000.0
engine-10,SFE-100 200A (0),92.0,13000.0
engine-10,SFE-100 200A (0),93.0,13000.0
engine-10,SFE-100 200A (0),94.0,13000.0
engine-10,SFE-100 200A (0),95.0,13000.0
engine-10,SFE-100 200A (0),96.0,13000.0
engine-10,SFE-100 200A (0),97.0,13000.0
engine-10,SFE-100 200A (0),98.0,12000.0
engine-10,SFE-100 200A (0),99.0,12000.0
engine-10,SFE-100 200A (0),100.0,12000.0
engine-10,SFE-100 200A (0),101.0,12000.0
engine-10,SFE-100 200A (0),102.0,12000.0
engine-10,SFE-100 200A (0),103.0,12000.0
engine-10,SFE-100 200A (0),104.0,12000.0
engine-10,SFE-100 200A (0),105.0,12000.0
engine-10,SFE-100 200A (0),106.0,11000.0
engine-10,SFE-100 200A (0),107.0,11000.0
engine-10,SFE-100 200A (0),108.0,11000.0
engine-10,SFE-100 200A (0),109.0,11000.0
engine-10,SFE-100 200A (0),110.0,11000.0
engine-10,SFE-100 200A (0),111.0,11000.0
engine-10,SFE-100 200A (0),112.0,11000.0
engine-10,SFE-100 200A (0),113.0,11000.0
engine-10,SFE-100 200A (0),114.0,11000.0
engine-10,SFE-100 200A (0),115.0,11000.0
engine-10,SFE-100 200A (0),116.0,11000.0
engine-11,SFE-100 400A (AW3),0.0,205000.0
engine-11,SFE-100 400A (AW3),1.0,205000.0
engine-11,SFE-100 400A (AW3),2.0,205000.0
engine-11,SFE-100 400A (AW3),3.0,205000.0
engine-11,SFE-100 400A (AW3),4.0,205000.0
engine-11,SFE-100 400A (AW3),5.0,205000.0
engine-11,SFE-100 400A (AW3),6.0,205000.0
engine-11,SFE-100 400A (AW3),7.0,205000.0
engine-11,SFE-100 400A (AW3),8.0,205000.0
engine-11,SFE-100 400A (AW3),9.0,205000.0
engine-11,SFE-100 400A (AW3),10.0,205000.0
engine-11,SFE-100 400A (AW3),11.0,205000.0
engine-11,SFE-100 400A (AW3),12.0,205000.0
engine-11,SFE-100 400A (AW3),13.0,205000.0
engine-11,SFE-100 400A (AW3),14.0,205000.0
engine-11,SFE-100 400A (AW3),15.0,205000.0
engine-11,SFE-100 400A (AW3),16.0,192000.0
engine-11,SFE-100 400A (AW3),17.0,181000.0
engine-11,SFE-100 400A (AW3),18.0,171000.0
engine-11,SFE-100 400A (AW3),19.0,162000.0
engine-11,SFE-100 400A (AW3),20.0,154000.0
engine-11,SFE-100 400A (AW3),21.0,147000.0
engine-11,SFE-100 400A (AW3),22.0,140000.0
engine-11,SFE-100 400A (AW3),23.0,134000.0
engine-11,SFE-100 400A (AW3),24.0,128000.0
engine-11,SFE-100 400A (AW3),25.0,123000.0
engine-11,SFE-100 400A (AW3),26.0,119000.0
engine-11,SFE-100 400A (AW3),27.0,114000.0
engine-11,SFE-100 400A (AW3),28.0,110000.0
engine-11,SFE-100 400A (AW3),29.0,107000.0
engine-11,SFE-100 400A (AW3),30.0,103000.0
engine-11,SFE-100 400A (AW3),31.0,100000.0
engine-11,SFE-100 400A (AW3),32.0,97000.0
engine-11,SFE-100 400A (AW3),33.0,94000.0
engine-11,SFE-100 400A (AW3),34.0,91000.0
engine-11,SFE-100 400A (AW3),35.0,89000.0
engine-11,SFE-100 400A (AW3),36.0,86000.0
engine-11,SFE-100 400A (AW3),37.0,84000.0
engine-11,SFE-100 400A (AW3),38.0,82000.0
engine-11,SFE-100 400A (AW3),39.0,80000.0
engine-11,SFE-100 400A (AW3),40.0,78000.0
engine-11,SFE-100 400A (AW3),41.0,76000.0
engine-11,SFE-100 400A (AW3),42.0,74000.0
engine-11,SFE-100 400A (AW3),43.0,72000.0
engine-11,SFE-100 400A (AW3),44.0,71000.0
engine-11,SFE-100 400A (AW3),45.0,69000.0
engine-11,SFE-100 400A (AW3),46.0,68000.0
engine-11,SFE-100 400A (AW3),47.0,66000.0
engine-11,SFE-100 400A (AW3),48.0,65000.0
engine-11,SFE-100 400A (AW3),49.0,64000.0
engine-11,SFE-100 400A (AW3),50.0,63000.0
engine-11,SFE-100 400A (AW3),51.0,61000.0
engine-11,SFE-100 400A (AW3),52.0,60000.0
engine-11,SFE-100 400A (AW3),53.0,59000.0
engine-11,SFE-100 400A (AW3),54.0,58000.0
engine-11,SFE-100 400A (AW3),55.0,57000.0
engine-11,SFE-100 400A (AW3),56.0,56000.0
engine-11,SFE-100 400A (AW3),57.0,55000.0
engine-11,SFE-100 400A (AW3),58.0,54000.0
engine-11,SFE-100 400A (AW3),59.0,53000.0
engine-11,SFE-100 400A (AW3),60.0,52000.0
engine-11,SFE-100 400A (AW3),61.0,52000.0
engine-11,SFE-100 400A (AW3),62.0,51000.0
engine-11,SFE-100 400A (AW3),63.0,50000.0
engine-11,SFE-100 400A (AW3),64.0,49000.0
engine-11,SFE-100 400A (AW3),65.0,49000.0
engine-11,SFE-100 400A (AW3),66.0,48000.0
engine-11,SFE-100 400A (AW3),67.0,47000.0
engine-11,SFE-100 400A (AW3),68.0,46000.0
engine-11,SFE-100 400A (AW3),69.0,46000.0
engine-11,SFE-100 400A (AW3),70.0,45000.0
engine-11,SFE-100 400A (AW3),71.0,45000.0
engine-11,SFE-100 400A (AW3),72.0,44000.0
engine-11,SFE-100 400A (AW3),73.0,43000.0
engine-11,SFE-100 400A (AW3),74.0,43000.0
engine-11,SFE-100 400A (AW3),75.0,42000.0
engine-11,SFE-100 400A (AW3),76.0,42000.0
engine-11,SFE-100 400A (AW3),77.0,41000.0
engine-11,SFE-100 400A (AW3),78.0,41000.0
engine-11,SFE-100 400A (AW3),79.0,40000.0
engine-11,SFE-100 400A (AW3),80.0,40000.0
engine-11,SFE-100 400A (AW3),81.0,39000.0
engine-11,SFE-100 400A (AW3),82.0,39000.0
engine-11,SFE-100 400A (AW3),83.0,38000.0
engine-11,SFE-100 400A (AW3),84.0,38000.0
engine-11,SFE-100 400A (AW3),85.0,37000.0
engine-11,SFE-100 400A (AW3),86.0,37000.0
engine-11,SFE-100 400A (AW3),87.0,37000.0
engine-11,SFE-100 400A (AW3),88.0,36000.0
engine-11,SFE-100 400A (AW3),89.0,36000.0
engine-11,SFE-100 400A (AW3),90.0,36000.0
engine-11,SFE-100 400A (AW3),91.0,35000.0
engine-11,SFE-100 400A (AW3),92.0,34000.0
engine-11,SFE-100 400A (AW3),93.0,33000.0
engine-11,SFE-100 400A (AW3),94.0,33000.0
engine-11,SFE-100 400A (AW3),95.0,32000.0
engine-11,SFE-100 400A (AW3),96.0,32000.0
engine-11,SFE-100 400A (AW3),97.0,31000.0
engine-11,SFE-100 400A (AW3),98.0,30000.0
engine-11,SFE-100 400A (AW3),99.0,30000.0
engine-11,SFE-100 400A (AW3),100.0,29000.0
engine-11,SFE-100 400A (AW3),101.0,29000.0
engine-11,SFE-100 400A (AW3),102.0,28000.0
engine-11,SFE-100 400A (AW3),103.0,27000.0
engine-11,SFE-100 400A (AW3),104.0,27000.0
engine-11,SFE-100 400A (AW3),105.0,26000.0
engine-11,SFE-100 400A (AW3),106.0,26000.0
engine-11,SFE-100 400A (AW3),107.0,25000.0
engine-11,SFE-100 400A (AW3),108.0,25000.0
engine-11,SFE-100 400A (AW3),109.0,24000.0
engine-11,SFE-100 400A (AW3),110.0,24000.0
engine-11,SFE-100 400A (AW3),111.0,23000.0
engine-11,SFE-100 400A (AW3),112.0,23000.0
engine-11,SFE-100 400A (AW3),113.0,22000.0
engine-11,SFE-100 400A (AW3),114.0,22000.0
engine-11,SFE-100 400A (AW3),115.0,22000.0
engine-11,SFE-100 400A (AW3),116.0,21000.0
engine-11,SFE-100 400A (AW3),117.0,21000.0
engine-11,SFE-100 400A (AW3),118.0,20000.0
engine-11,SFE-100 400A (AW3),119.0,20000.0
engine-11,SFE-100 400A (AW3),120.0,20000.0
engine-12,SFE-100 600A (AW3),0.0,205000.0
engine-12,SFE-100 600A (AW3),1.0,205000.0
engine-12,SFE-100 600A (AW3),2.0,205000.0
engine-12,SFE-100 600A (AW3),3.0,205000.0
engine-12,SFE-100 600A (AW3),4.0,205000.0
engine-12,SFE-100 600A (AW3),5.0,205000.0
engine-12,SFE-100 600A (AW3),6.0,205000.0
engine-12,SFE-100 600A (AW3),7.0,205000.0
engine-12,SFE-100 600A (AW3),8.0,205000.0
engine-12,SFE-100 600A (AW3),9.0,205000.0
engine-12,SFE-100 600A (AW3),10.0,205000.0
engine-12,SFE-100 600A (AW3),11.0,205000.0
engine-12,SFE-100 600A (AW3),12.0,205000.0
engine-12,SFE-100 600A (AW3),13.0,205000.0
engine-12,SFE-100 600A (AW3),14.0,205000.0
engine-12,SFE-100 600A (AW3),15.0,205000.0
engine-12,SFE-100 600A (AW3),16.0,205000.0
engine-12,SFE-100 600A (AW3),17.0,205000.0
engine-12,SFE-100 600A (AW3),18.0,205000.0
engine-12,SFE-100 600A (AW3),19.0,205000.0
engine-12,SFE-100 600A (AW3),20.0,205000.0
engine-12,SFE-100 600A (AW3),21.0,205000.0
engine-12,SFE-100 600A (AW3),22.0,205000.0
engine-12,SFE-100 600A (AW3),23.0,205000.0
engine-12,SFE-100 600A (AW3),24.0,205000.0
engine-12,SFE-100 600A (AW3),25.0,205000.0
engine-12,SFE-100 600A (AW3),26.0,197000.0
engine-12,SFE-100 600A (AW3),27.0,189000.0
engine-12,SFE-100 600A (AW3),28.0,183000.0
engine-12,SFE-100 600A (AW3),29.0,176000.0
engine-12,SFE-100 600A (AW3),30.0,170000.0
engine-12,SFE-100 600A (AW3),31.0,165000.0
engine-12,SFE-100 600A (AW3),32.0,160000.0
engine-12,SFE-100 600A (AW3),33.0,155000.0
engine-12,SFE-100 600A (AW3),34.0,150000.0
engine-12,SFE-100 600A (AW3),35.0,146000.0
engine-12,SFE-100 600A (AW3),36.0,142000.0
engine-12,SFE-100 600A (AW3),37.0,138000.0
engine-12,SFE-100 600A (AW3),38.0,134000.0
engine-12,SFE-100 600A (AW3),39.0,131000.0
engine-12,SFE-100 600A (AW3),40.0,128000.0
engine-12,SFE-100 600A (AW3),41.0,125000.0
engine-12,SFE-100 600A (AW3),42.0,122000.0
engine-12,SFE-100 600A (AW3),43.0,119000.0
engine-12,SFE-100 600A (AW3),44.0,116000.0
engine-12,SFE-100 600A (AW3),45.0,113000.0
engine-12,SFE-100 600A (AW3),46.0,111000.0
engine-12,SFE-100 600A (AW3),47.0,109000.0
engine-12,SFE-100 600A (AW3),48.0,106000.0
engine-12,SFE-100 600A (AW3),49.0,104000.0
engine-12,SFE-100 600A (AW3),50.0,102000.0
engine-12,SFE-100 600A (AW3),51.0,100000.0
engine-12,SFE-100 600A (AW3),52.0,98000.0
engine-12,SFE-100 600A (AW3),53.0,96000.0
engine-12,SFE-100 600A (AW3),54.0,94000.0
engine-12,SFE-100 600A (AW3),55.0,93000.0
engine-12,SFE-100 600A (AW3),56.0,91000.0
engine-12,SFE-100 600A (AW3),57.0,89000.0
engine-12,SFE-100 600A (AW3),58.0,88000.0
engine-12,SFE-100 600A (AW3),59.0,86000.0
engine-12,SFE-100 600A (AW3),60.0,85000.0
engine-12,SFE-100 600A (AW3),61.0,84000.0
engine-12,SFE-100 600A (AW3),62.0,82000.0
engine-12,SFE-100 600A (AW3),63.0,81000.0
engine-12,SFE-100 600A (AW3),64.0,80000.0
engine-12,SFE-100 600A (AW3),65.0,78000.0
engine-12,SFE-100 600A (AW3),66.0,77000.0
engine-12,SFE-100 600A (AW3),67.0,76000.0
engine-12,SFE-100 600A (AW3),68.0,75000.0
engine-12,SFE-100 600A (AW3),69.0,74000.0
engine-12,SFE-100 600A (AW3),70.0,73000.0
engine-12,SFE-100 600A (AW3),71.0,72000.0
engine-12,SFE-100 600A (AW3),72.0,71000.0
engine-12,SFE-100 600A (AW3),73.0,70000.0
engine-12,SFE-100 600A (AW3),74.0,69000.0
engine-12,SFE-100 600A (AW3),75.0,68000.0
engine-12,SFE-100 600A (AW3),76.0,67000.0
engine-12,SFE-100 600A (AW3),77.0,66000.0
engine-12,SFE-100 600A (AW3),78.0,65000.0
engine-12,SFE-100 600A (AW3),79.0,64000.0
engine-12,SFE-100 600A (AW3),80.0,64000.0
engine-12,SFE-100 600A (AW3),81.0,63000.0
engine-12,SFE-100 600A (AW3),82.0,62000.0
engine-12,SFE-100 600A (AW3),83.0,61000.0
engine-12,SFE-100 600A (AW3),84.0,61000.0
engine-12,SFE-100 600A (AW3),85.0,60000.0
engine-12,SFE-100 600A (AW3),86.0,59000.0
engine-12,SFE-100 600A (AW3),87.0,58000.0
engine-12,SFE-100 600A (AW3),88.0,58000.0
engine-12,SFE-100 600A (AW3),89.0,57000.0
engine-12,SFE-100 600A (AW3),90.0,57000.0
engine-12,SFE-100 600A (AW3),91.0,55000.0
engine-12,SFE-100 600A (AW3),92.0,54000.0
engine-12,SFE-100 600A (AW3),93.0,53000.0
engine-12,SFE-100 600A (AW3),94.0,52000.0
engine-12,SFE-100 600A (AW3),95.0,51000.0
engine-12,SFE-100 600A (AW3),96.0,50000.0
engine-12,SFE-100 600A (AW3),97.0,49000.0
engine-12,SFE-100 600A (AW3),98.0,48000.0
engine-12,SFE-100 600A (AW3),99.0,47000.0
engine-12,SFE-100 600A (AW3),100.0,47000.0
engine-12,SFE-100 600A (AW3),101.0,46000.0
engine-12,SFE-100 600A (AW3),102.0,45000.0
engine-12,SFE-100 600A (AW3),103.0,44000.0
engine-12,SFE-100 600A (AW3),104.0,43000.0
engine-12,SFE-100 600A (AW3),105.0,42000.0
engine-12,SFE-100 600A (AW3),106.0,41000.0
engine-12,SFE-100 600A (AW3),107.0,41000.0
engine-12,SFE-100 600A (AW3),108.0,40000.0
engine-12,SFE-100 600A (AW3),109.0,39000.0
engine-12,SFE-100 600A (AW3),110.0,38000.0
engine-12,SFE-100 600A (AW3),111.0,38000.0
engine-12,SFE-100 600A (AW3),112.0,37000.0
engine-12,SFE-100 600A (AW3),113.0,36000.0
engine-12,SFE-100 600A (AW3),114.0,35000.0
engine-12,SFE-100 600A (AW3),115.0,35000.0
engine-12,SFE-100 600A (AW3),116.0,34000.0
engine-12,SFE-100 600A (AW3),117.0,33000.0
engine-12,SFE-100 600A (AW3),118.0,33000.0
engine-12,SFE-100 600A (AW3),119.0,32000.0
engine-12,SFE-100 600A (AW3),120.0,32000.0
engine-13,SFE-100 800A (AW3),0.0,205000.0
engine-13,SFE-100 800A (AW3),1.0,205000.0
engine-13,SFE-100 800A (AW3),2.0,205000.0
engine-13,SFE-100 800A (AW3),3.0,205000.0
engine-13,SFE-100 800A (AW3),4.0,205000.0
engine-13,SFE-100 800A (AW3),5.0,205000.0
engine-13,SFE-100 800A (AW3),6.0,205000.0
engine-13,SFE-100 800A (AW3),7.0,205000.0
engine-13,SFE-100 800A (AW3),8.0,205000.0
engine-13,SFE-100 800A (AW3),9.0,205000.0
engine-13,SFE-100 800A (AW3),10.0,205000.0
engine-13,SFE-100 800A (AW3),11.0,205000.0
engine-13,SFE-100 800A (AW3),12.0,205000.0
engine-13,SFE-100 800A (AW3),13.0,205000.0
engine-13,SFE-100 800A (AW3),14.0,205000.0
engine-13,SFE-100 800A (AW3),15.0,205000.0
engine-13,SFE-100 800A (AW3),16.0,205000.0
engine-13,SFE-100 800A (AW3),17.0,205000.0
engine-13,SFE-100 800A (AW3),18.0,205000.0
engine-13,SFE-100 800A (AW3),19.0,205000.0
engine-13,SFE-100 800A (AW3),20.0,205000.0
engine-13,SFE-100 800A (AW3),21.0,205000.0
engine-13,SFE-100 800A (AW3),22.0,205000.0
engine-13,SFE-100 800A (AW3),23.0,205000.0
engine-13,SFE-100 800A (AW3),24.0,205000.0
engine-13,SFE-100 800A (AW3),25.0,205000.0
engine-13,SFE-100 800A (AW3),26.0,205000.0
engine-13,SFE-100 800A (AW3),27.0,205000.0
engine-13,SFE-100 800A (AW3),28.0,205000.0
engine-13,SFE-100 800A (AW3),29.0,205000.0
engine-13,SFE-100 800A (AW3),30.0,205000.0
engine-13,SFE-100 800A (AW3),31.0,205000.0
engine-13,SFE-100 800A (AW3),32.0,205000.0
engine-13,SFE-100 800A (AW3),33.0,205000.0
engine-13,SFE-100 800A (AW3),34.0,205000.0
engine-13,SFE-100 800A (AW3),35.0,205000.0
engine-13,SFE-100 800A (AW3),36.0,205000.0
engine-13,SFE-100 800A (AW3),37.0,205000.0
engine-13,SFE-100 800A (AW3),38.0,199000.0
engine-13,SFE-100 800A (AW3),39.0,194000.0
engine-13,SFE-100 800A (AW3),40.0,189000.0
engine-13,SFE-100 800A (AW3),41.0,185000.0
engine-13,SFE-100 800A (AW3),42.0,180000.0
engine-13,SFE-100 800A (AW3),43.0,176000.0
engine-13,SFE-100 800A (AW3),44.0,172000.0
engine-13,SFE-100 800A (AW3),45.0,168000.0
engine-13,SFE-100 800A (AW3),46.0,165000.0
engine-13,SFE-100 800A (AW3),47.0,161000.0
engine-13,SFE-100 800A (AW3),48.0,158000.0
engine-13,SFE-100 800A (AW3),49.0,155000.0
engine-13,SFE-100 800A (AW3),50.0,152000.0
engine-13,SFE-100 800A (AW3),51.0,149000.0
engine-13,SFE-100 800A (AW3),52.0,146000.0
engine-13,SFE-100 800A (AW3),53.0,143000.0
engine-13,SFE-100 800A (AW3),54.0,140000.0
engine-13,SFE-100 800A (AW3),55.0,138000.0
engine-13,SFE-100 800A (AW3),56.0,135000.0
engine-13,SFE-100 800A (AW3),57.0,133000.0
engine-13,SFE-100 800A (AW3),58.0,131000.0
engine-13,SFE-100 800A (AW3),59.0,129000.0
engine-13,SFE-100 800A (AW3),60.0,126000.0
engine-13,SFE-100 800A (AW3),61.0,124000.0
engine-13,SFE-100 800A (AW3),62.0,122000.0
engine-13,SFE-100 800A (AW3),63.0,120000.0
engine-13,SFE-100 800A (AW3),64.0,119000.0
engine-13,SFE-100 800A (AW3),65.0,117000.0
engine-13,SFE-100 800A (AW3),66.0,115000.0
engine-13,SFE-100 800A (AW3),67.0,113000.0
engine-13,SFE-100 800A (AW3),68.0,112000.0
engine-13,SFE-100 800A (AW3),69.0,110000.0
engine-13,SFE-100 800A (AW3),70.0,108000.0
engine-13,SFE-100 800A (AW3),71.0,107000.0
engine-13,SFE-100 800A (AW3),72.0,105000.0
engine-13,SFE-100 800A (AW3),73.0,104000.0
engine-13,SFE-100 800A (AW3),74.0,103000.0
engine-13,SFE-100 800A (AW3),75.0,101000.0
engine-13,SFE-100 800A (AW3),76.0,100000.0
engine-13,SFE-100 800A (AW3),77.0,99000.0
engine-13,SFE-100 800A (AW3),78.0,97000.0
engine-13,SFE-100 800A (AW3),79.0,96000.0
engine-13,SFE-100 800A (AW3),80.0,95000.0
engine-13,SFE-100 800A (AW3),81.0,94000.0
engine-13,SFE-100 800A (AW3),82.0,93000.0
engine-13,SFE-100 800A (AW3),83.0,92000.0
engine-13,SFE-100 800A (AW3),84.0,90000.0
engine-13,SFE-100 800A (AW3),85.0,89000.0
engine-13,SFE-100 800A (AW3),86.0,88000.0
engine-13,SFE-100 800A (AW3),87.0,87000.0
engine-13,SFE-100 800A (AW3),88.0,86000.0
engine-13,SFE-100 800A (AW3),89.0,85000.0
engine-13,SFE-100 800A (AW3),90.0,85000.0
engine-13,SFE-100 800A (AW3),91.0,83000.0
engine-13,SFE-100 800A (AW3),92.0,81000.0
engine-13,SFE-100 800A (AW3),93.0,80000.0
engine-13,SFE-100 800A (AW3),94.0,78000.0
engine-13,SFE-100 800A (AW3),95.0,77000.0
engine-13,SFE-100 800A (AW3),96.0,75000.0
engine-13,SFE-100 800A (AW3),97.0,74000.0
engine-13,SFE-100 800A (AW3),98.0,72000.0
engine-13,SFE-100 800A (AW3),99.0,71000.0
engine-13,SFE-100 800A (AW3),100.0,70000.0
engine-13,SFE-100 800A (AW3),101.0,68000.0
engine-13,SFE-100 800A (AW3),102.0,67000.0
engine-13,SFE-100 800A (AW3),103.0,66000.0
engine-13,SFE-100 800A (AW3),104.0,65000.0
engine-13,SFE-100 800A (AW3),105.0,63000.0
engine-13,SFE-100 800A (AW3),106.0,62000.0
engine-13,SFE-100 800A (AW3),107.0,61000.0
engine-13,SFE-100 800A (AW3),108.0,60000.0
engine-13,SFE-100 800A (AW3),109.0,59000.0
engine-13,SFE-100 800A (AW3),110.0,58000.0
engine-13,SFE-100 800A (AW3),111.0,57000.0
engine-13,SFE-100 800A (AW3),112.0,55000.0
engine-13,SFE-100 800A (AW3),113.0,54000.0
engine-13,SFE-100 800A (AW3),114.0,53000.0
engine-13,SFE-100 800A (AW3),115.0,52000.0
engine-13,SFE-100 800A (AW3),116.0,51000.0
engine-13,SFE-100 800A (AW3),117.0,50000.0
engine-13,SFE-100 800A (AW3),118.0,49000.0
engine-13,SFE-100 800A (AW3),119.0,48000.0
engine-13,SFE-100 800A (AW3),120.0,48000.0
engine-14,SFE-100 normal (AW3),0.0,205000.0
engine-14,SFE-100 normal (AW3),1.0,205000.0
engine-14,SFE-100 normal (AW3),2.0,205000.0
engine-14,SFE-100 normal (AW3),3.0,205000.0
engine-14,SFE-100 normal (AW3),4.0,205000.0
engine-14,SFE-100 normal (AW3),5.0,205000.0
engine-14,SFE-100 normal (AW3),6.0,205000.0
engine-14,SFE-100 normal (AW3),7.0,205000.0
engine-14,SFE-100 normal (AW3),8.0,205000.0
engine-14,SFE-100 normal (AW3),9.0,205000.0
engine-14,SFE-100 normal (AW3),10.0,205000.0
engine-14,SFE-100 normal (AW3),11.0,205000.0
engine-14,SFE-100 normal (AW3),12.0,205000.0
engine-14,SFE-100 normal (AW3),13.0,205000.0
engine-14,SFE-100 normal (AW3),14.0,205000.0
engine-14,SFE-100 normal (AW3),15.0,205000.0
engine-14,SFE-100 normal (AW3),16.0,205000.0
engine-14,SFE-100 normal (AW3),17.0,205000.0
engine-14,SFE-100 normal (AW3),18.0,205000.0
engine-14,SFE-100 normal (AW3),19.0,205000.0
engine-14,SFE-100 normal (AW3),20.0,205000.0
engine-14,SFE-100 normal (AW3),21.0,205000.0
engine-14,SFE-100 normal (AW3),22.0,205000.0
engine-14,SFE-100 normal (AW3),23.0,205000.0
engine-14,SFE-100 normal (AW3),24.0,205000.0
engine-14,SFE-100 normal (AW3),25.0,205000.0
engine-14,SFE-100 normal (AW3),26.0,205000.0
engine-14,SFE-100 normal (AW3),27.0,205000.0
engine-14,SFE-100 normal (AW3),28.0,205000.0
engine-14,SFE-100 normal (AW3),29.0,205000.0
engine-14,SFE-100 normal (AW3),30.0,205000.0
engine-14,SFE-100 normal (AW3),31.0,205000.0
engine-14,SFE-100 normal (AW3),32.0,205000.0
engine-14,SFE-100 normal (AW3),33.0,205000.0
engine-14,SFE-100 normal (AW3),34.0,205000.0
engine-14,SFE-100 normal (AW3),35.0,205000.0
engine-14,SFE-100 normal (AW3),36.0,205000.0
engine-14,SFE-100 normal (AW3),37.0,205000.0
engine-14,SFE-100 normal (AW3),38.0,205000.0
engine-14,SFE-100 normal (AW3),39.0,205000.0
engine-14,SFE-100 normal (AW3),40.0,205000.0
engine-14,SFE-100 normal (AW3),41.0,205000.0
engine-14,SFE-100 normal (AW3),42.0,205000.0
engine-14,SFE-100 normal (AW3),43.0,200000.0
engine-14,SFE-100 normal (AW3),44.0,195000.0
engine-14,SFE-100 normal (AW3),45.0,191000.0
engine-14,SFE-100 normal (AW3),46.0,187000.0
engine-14,SFE-100 normal (AW3),47.0,183000.0
engine-14,SFE-100 normal (AW3),48.0,179000.0
engine-14,SFE-100 normal (AW3),49.0,175000.0
engine-14,SFE-100 normal (AW3),50.0,172000.0
engine-14,SFE-100 normal (AW3),51.0,168000.0
engine-14,SFE-100 normal (AW3),52.0,165000.0
engine-14,SFE-100 normal (AW3),53.0,162000.0
engine-14,SFE-100 normal (AW3),54.0,159000.0
engine-14,SFE-100 normal (AW3),55.0,156000.0
engine-14,SFE-100 normal (AW3),56.0,153000.0
engine-14,SFE-100 normal (AW3),57.0,151000.0
engine-14,SFE-100 normal (AW3),58.0,148000.0
engine-14,SFE-100 normal (AW3),59.0,146000.0
engine-14,SFE-100 normal (AW3),60.0,143000.0
engine-14,SFE-100 normal (AW3),61.0,141000.0
engine-14,SFE-100 normal (AW3),62.0,139000.0
engine-14,SFE-100 normal (AW3),63.0,136000.0
engine-14,SFE-100 normal (AW3),64.0,134000.0
engine-14,SFE-100 normal (AW3),65.0,132000.0
engine-14,SFE-100 normal (AW3),66.0,130000.0
engine-14,SFE-100 normal (AW3),67.0,128000.0
engine-14,SFE-100 normal (AW3),68.0,126000.0
engine-14,SFE-100 normal (AW3),69.0,125000.0
engine-14,SFE-100 normal (AW3),70.0,123000.0
engine-14,SFE-100 normal (AW3),71.0,121000.0
engine-14,SFE-100 normal (AW3),72.0,119000.0
engine-14,SFE-100 normal (AW3),73.0,118000.0
engine-14,SFE-100 normal (AW3),74.0,116000.0
engine-14,SFE-100 normal (AW3),75.0,115000.0
engine-14,SFE-100 normal (AW3),76.0,113000.0
engine-14,SFE-100 normal (AW3),77.0,112000.0
engine-14,SFE-100 normal (AW3),78.0,110000.0
engine-14,SFE-100 normal (AW3),79.0,109000.0
engine-14,SFE-100 normal (AW3),80.0,107000.0
engine-14,SFE-100 normal (AW3),81.0,106000.0
engine-14,SFE-100 normal (AW3),82.0,105000.0
engine-14,SFE-100 normal (AW3),83.0,104000.0
engine-14,SFE-100 normal (AW3),84.0,102000.0
engine-14,SFE-100 normal (AW3),85.0,101000.0
engine-14,SFE-100 normal (AW3),86.0,100000.0
engine-14,SFE-100 normal (AW3),87.0,99000.0
engine-14,SFE-100 normal (AW3),88.0,98000.0
engine-14,SFE-100 normal (AW3),89.0,97000.0
engine-14,SFE-100 normal (AW3),90.0,96000.0
engine-14,SFE-100 normal (AW3),91.0,94000.0
engine-14,SFE-100 normal (AW3),92.0,92000.0
engine-14,SFE-100 normal (AW3),93.0,90000.0
engine-14,SFE-100 normal (AW3),94.0,89000.0
engine-14,SFE-100 normal (AW3),95.0,87000.0
engine-14,SFE-100 normal (AW3),96.0,85000.0
engine-14,SFE-100 normal (AW3),97.0,84000.0
engine-14,SFE-100 normal (AW3),98.0,82000.0
engine-14,SFE-100 normal (AW3),99.0,81000.0
engine-14,SFE-100 normal (AW3),100.0,79000.0
engine-14,SFE-100 normal (AW3),101.0,78000.0
engine-14,SFE-100 normal (AW3),102.0,76000.0
engine-14,SFE-100 normal (AW3),103.0,75000.0
engine-14,SFE-100 normal (AW3),104.0,73000.0
engine-14,SFE-100 normal (AW3),105.0,72000.0
engine-14,SFE-100 normal (AW3),106.0,71000.0
engine-14,SFE-100 normal (AW3),107.0,69000.0
engine-14,SFE-100 normal (AW3),108.0,68000.0
engine-14,SFE-100 normal (AW3),109.0,67000.0
engine-14,SFE-100 normal (AW3),110.0,66000.0
engine-14,SFE-100 normal (AW3),111.0,64000.0
engine-14,SFE-100 normal (AW3),112.0,63000.0
engine-14,SFE-100 normal (AW3),113.0,62000.0
engine-14,SFE-100 normal (AW3),114.0,61000.0
engine-14,SFE-100 normal (AW3),115.0,60000.0
engine-14,SFE-100 normal (AW3),116.0,59000.0
engine-14,SFE-100 normal (AW3),117.0,58000.0
engine-14,SFE-100 normal (AW3),118.0,57000.0
engine-14,SFE-100 normal (AW3),119.0,56000.0
engine-14,SFE-100 normal (AW3),120.0,55000.0
engine-15,SFD-300 M1,0.0,110000.0
engine-15,SFD-300 M1,1.0,110000.0
engine-15,SFD-300 M1,2.0,110000.0
engine-15,SFD-300 M1,3.0,110000.0
engine-15,SFD-300 M1,4.0,110000.0
engine-15,SFD-300 M1,5.0,110000.0
engine-15,SFD-300 M1,6.0,110000.0
engine-15,SFD-300 M1,7.0,110000.0
engine-15,SFD-300 M1,8.0,110000.0
engine-15,SFD-300 M1,9.0,110000.0
engine-15,SFD-300 M1,10.0,110000.0
engine-15,SFD-300 M1,11.0,110000.0
engine-15,SFD-300 M1,12.0,110000.0
engine-15,SFD-300 M1,13.0,110000.0
engine-15,SFD-300 M1,14.0,110000.0
engine-15,SFD-300 M1,15.0,110000.0
engine-15,SFD-300 M1,16.0,103000.0
engine-15,SFD-300 M1,17.0,97000.0
engine-15,SFD-300 M1,18.0,92000.0
engine-15,SFD-300 M1,19.0,87000.0
engine-15,SFD-300 M1,20.0,83000.0
engine-15,SFD-300 M1,21.0,79000.0
engine-15,SFD-300 M1,22.0,75000.0
engine-15,SFD-300 M1,23.0,72000.0
engine-15,SFD-300 M1,24.0,69000.0
engine-15,SFD-300 M1,25.0,67000.0
engine-15,SFD-300 M1,26.0,64000.0
engine-15,SFD-300 M1,27.0,62000.0
engine-15,SFD-300 M1,28.0,60000.0
engine-15,SFD-300 M1,29.0,58000.0
engine-15,SFD-300 M1,30.0,56000.0
engine-15,SFD-300 M1,31.0,54000.0
engine-15,SFD-300 M1,32.0,52000.0
engine-15,SFD-300 M1,33.0,51000.0
engine-15,SFD-300 M1,34.0,49000.0
engine-15,SFD-300 M1,35.0,48000.0
engine-15,SFD-300 M1,36.0,47000.0
engine-15,SFD-300 M1,37.0,46000.0
engine-15,SFD-300 M1,38.0,44000.0
engine-15,SFD-300 M1,39.0,43000.0
engine-15,SFD-300 M1,40.0,42000.0
engine-15,SFD-300 M1,41.0,41000.0
engine-15,SFD-300 M1,42.0,40000.0
engine-15,SFD-300 M1,43.0,40000.0
engine-15,SFD-300 M1,44.0,39000.0
engine-15,SFD-300 M1,45.0,38000.0
engine-15,SFD-300 M1,46.0,37000.0
engine-15,SFD-300 M1,47.0,36000.0
engine-15,SFD-300 M1,48.0,36000.0
engine-15,SFD-300 M1,49.0,35000.0
engine-15,SFD-300 M1,50.0,34000.0
engine-15,SFD-300 M1,51.0,34000.0
engine-15,SFD-300 M1,52.0,33000.0
engine-15,SFD-300 M1,53.0,32000.0
engine-15,SFD-300 M1,54.0,32000.0
engine-15,SFD-300 M1,55.0,31000.0
engine-15,SFD-300 M1,56.0,31000.0
engine-15,SFD-300 M1,57.0,30000.0
engine-15,SFD-300 M1,58.0,30000.0
engine-15,SFD-300 M1,59.0,29000.0
engine-15,SFD-300 M1,60.0,29000.0
engine-15,SFD-300 M1,61.0,28000.0
engine-15,SFD-300 M1,62.0,28000.0
engine-15,SFD-300 M1,63.0,28000.0
engine-15,SFD-300 M1,64.0,27000.0
engine-15,SFD-300 M1,65.0,27000.0
engine-15,SFD-300 M1,66.0,26000.0
engine-15,SFD-300 M1,67.0,26000.0
engine-15,SFD-300 M1,68.0,26000.0
engine-15,SFD-300 M1,69.0,25000.0
engine-15,SFD-300 M1,70.0,25000.0
engine-15,SFD-300 M1,71.0,25000.0
engine-15,SFD-300 M1,72.0,24000.0
engine-15,SFD-300 M1,73.0,24000.0
engine-15,SFD-300 M1,74.0,24000.0
engine-15,SFD-300 M1,75.0,24000.0
engine-15,SFD-300 M1,76.0,23000.0
engine-15,SFD-300 M1,77.0,23000.0
engine-15,SFD-300 M1,78.0,23000.0
engine-15,SFD-300 M1,79.0,22000.0
engine-15,SFD-300 M1,80.0,22000.0
engine-15,SFD-300 M1,81.0,22000.0
engine-15,SFD-300 M1,82.0,22000.0
engine-15,SFD-300 M1,83.0,21000.0
engine-15,SFD-300 M1,84.0,21000.0
engine-15,SFD-300 M1,85.0,21000.0
engine-15,SFD-300 M1,86.0,21000.0
engine-15,SFD-300 M1,87.0,21000.0
engine-15,SFD-300 M1,88.0,20000.0
engine-15,SFD-300 M1,89.0,20000.0
engine-15,SFD-300 M1,90.0,20000.0
engine-15,SFD-300 M1,91.0,20000.0
engine-15,SFD-300 M1,92.0,20000.0
engine-15,SFD-300 M1,93.0,19000.0
engine-15,SFD-300 M1,94.0,19000.0
engine-15,SFD-300 M1,95.0,19000.0
engine-15,SFD-300 M1,96.0,19000.0
engine-15,SFD-300 M1,97.0,19000.0
engine-15,SFD-300 M1,98.0,19000.0
engine-15,SFD-300 M1,99.0,18000.0
engine-15,SFD-300 M1,100.0,18000.0
engine-15,SFD-300 M1,101.0,18000.0
engine-15,SFD-300 M1,102.0,18000.0
engine-15,SFD-300 M1,103.0,18000.0
engine-15,SFD-300 M1,104.0,18000.0
engine-15,SFD-300 M1,105.0,17000.0
engine-15,SFD-300 M1,106.0,17000.0
engine-15,SFD-300 M1,107.0,17000.0
engine-15,SFD-300 M1,108.0,17000.0
engine-15,SFD-300 M1,109.0,17000.0
engine-15,SFD-300 M1,110.0,17000.0
engine-15,SFD-300 M1,111.0,17000.0
engine-15,SFD-300 M1,112.0,16000.0
engine-15,SFD-300 M1,113.0,16000.0
engine-15,SFD-300 M1,114.0,16000.0
engine-15,SFD-300 M1,115.0,16000.0
engine-15,SFD-300 M1,116.0,16000.0
engine-15,SFD-300 M1,117.0,16000.0
engine-15,SFD-300 M1,118.0,16000.0
engine-15,SFD-300 M1,119.0,16000.0
engine-15,SFD-300 M1,120.0,16000.0
engine-16,SFD-300 normal AW3,0.0,112000.0
engine-16,SFD-300 normal AW3,1.0,112000.0
engine-16,SFD-300 normal AW3,2.0,112000.0
engine-16,SFD-300 normal AW3,3.0,112000.0
engine-16,SFD-300 normal AW3,4.0,112000.0
engine-16,SFD-300 normal AW3,5.0,112000.0
engine-16,SFD-300 normal AW3,6.0,112000.0
engine-16,SFD-300 normal AW3,7.0,112000.0
engine-16,SFD-300 normal AW3,8.0,112000.0
engine-16,SFD-300 normal AW3,9.0,112000.0
engine-16,SFD-300 normal AW3,10.0,112000.0
engine-16,SFD-300 normal AW3,11.0,112000.0
engine-16,SFD-300 normal AW3,12.0,112000.0
engine-16,SFD-300 normal AW3,13.0,112000.0
engine-16,SFD-300 normal AW3,14.0,112000.0
engine-16,SFD-300 normal AW3,15.0,112000.0
engine-16,SFD-300 normal AW3,16.0,112000.0
engine-16,SFD-300 normal AW3,17.0,112000.0
engine-16,SFD-300 normal AW3,18.0,112000.0
engine-16,SFD-300 normal AW3,19.0,112000.0
engine-16,SFD-300 normal AW3,20.0,112000.0
engine-16,SFD-300 normal AW3,21.0,112000.0
engine-16,SFD-300 normal AW3,22.0,112000.0
engine-16,SFD-300 normal AW3,23.0,112000.0
engine-16,SFD-300 normal AW3,24.0,112000.0
engine-16,SFD-300 normal AW3,25.0,112000.0
engine-16,SFD-300 normal AW3,26.0,112000.0
engine-16,SFD-300 normal AW3,27.0,112000.0
engine-16,SFD-300 normal AW3,28.0,112000.0
engine-16,SFD-300 normal AW3,29.0,112000.0
engine-16,SFD-300 normal AW3,30.0,112000.0
engine-16,SFD-300 normal AW3,31.0,112000.0
engine-16,SFD-300 normal AW3,32.0,112000.0
engine-16,SFD-300 normal AW3,33.0,108000.0
engine-16,SFD-300 normal AW3,34.0,104000.0
engine-16,SFD-300 normal AW3,35.0,100000.0
engine-16,SFD-300 normal AW3,36.0,97000.0
engine-16,SFD-300 normal AW3,37.0,94000.0
engine-16,SFD-300 normal AW3,38.0,91000.0
engine-16,SFD-300 normal AW3,39.0,88000.0
engine-16,SFD-300 normal AW3,40.0,85000.0
engine-16,SFD-300 normal AW3,41.0,83000.0
engine-16,SFD-300 normal AW3,42.0,80000.0
engine-16,SFD-300 normal AW3,43.0,78000.0
engine-16,SFD-300 normal AW3,44.0,76000.0
engine-16,SFD-300 normal AW3,45.0,74000.0
engine-16,SFD-300 normal AW3,46.0,72000.0
engine-16,SFD-300 normal AW3,47.0,70000.0
engine-16,SFD-300 normal AW3,48.0,68000.0
engine-16,SFD-300 normal AW3,49.0,66000.0
engine-16,SFD-300 normal AW3,50.0,64000.0
engine-16,SFD-300 normal AW3,51.0,63000.0
engine-16,SFD-300 normal AW3,52.0,61000.0
engine-16,SFD-300 normal AW3,53.0,60000.0
engine-16,SFD-300 normal AW3,54.0,58000.0
engine-16,SFD-300 normal AW3,55.0,57000.0
engine-16,SFD-300 normal AW3,56.0,55000.0
engine-16,SFD-300 normal AW3,57.0,54000.0
engine-16,SFD-300 normal AW3,58.0,53000.0
engine-16,SFD-300 normal AW3,59.0,52000.0
engine-16,SFD-300 normal AW3,60.0,50000.0
engine-16,SFD-300 normal AW3,61.0,49000.0
engine-16,SFD-300 normal AW3,62.0,48000.0
engine-16,SFD-300 normal AW3,63.0,47000.0
engine-16,SFD-300 normal AW3,64.0,46000.0
engine-16,SFD-300 normal AW3,65.0,45000.0
engine-16,SFD-300 normal AW3,66.0,44000.0
engine-16,SFD-300 normal AW3,67.0,43000.0
engine-16,SFD-300 normal AW3,68.0,42000.0
engine-16,SFD-300 normal AW3,69.0,41000.0
engine-16,SFD-300 normal AW3,70.0,40000.0
engine-16,SFD-300 normal AW3,71.0,40000.0
engine-16,SFD-300 normal AW3,72.0,39000.0
engine-16,SFD-300 normal AW3,73.0,38000.0
engine-16,SFD-300 normal AW3,74.0,37000.0
engine-16,SFD-300 normal AW3,75.0,36000.0
engine-16,SFD-300 normal AW3,76.0,36000.0
engine-16,SFD-300 normal AW3,77.0,35000.0
engine-16,SFD-300 normal AW3,78.0,34000.0
engine-16,SFD-300 normal AW3,79.0,34000.0
engine-16,SFD-300 normal AW3,80.0,33000.0
engine-16,SFD-300 normal AW3,81.0,32000.0
engine-16,SFD-300 normal AW3,82.0,32000.0
engine-16,SFD-300 normal AW3,83.0,31000.0
engine-16,SFD-300 normal AW3,84.0,30000.0
engine-16,SFD-300 normal AW3,85.0,30000.0
engine-16,SFD-300 normal AW3,86.0,29000.0
engine-16,SFD-300 normal AW3,87.0,29000.0
engine-16,SFD-300 normal AW3,88.0,28000.0
engine-16,SFD-300 normal AW3,89.0,28000.0
engine-16,SFD-300 normal AW3,90.0,27000.0
engine-16,SFD-300 normal AW3,91.0,27000.0
engine-16,SFD-300 normal AW3,92.0,26000.0
engine-16,SFD-300 normal AW3,93.0,26000.0
engine-16,SFD-300 normal AW3,94.0,25000.0
engine-16,SFD-300 normal AW3,95.0,25000.0
engine-16,SFD-300 normal AW3,96.0,24000.0
engine-16,SFD-300 normal AW3,97.0,24000.0
engine-16,SFD-300 normal AW3,98.0,23000.0
engine-16,SFD-300 normal AW3,99.0,23000.0
engine-16,SFD-300 normal AW3,100.0,22000.0
engine-16,SFD-300 normal AW3,101.0,22000.0
engine-16,SFD-300 normal AW3,102.0,22000.0
engine-16,SFD-300 normal AW3,103.0,21000.0
engine-16,SFD-300 normal AW3,104.0,21000.0
engine-16,SFD-300 normal AW3,105.0,20000.0
engine-16,SFD-300 normal AW3,106.0,20000.0
engine-16,SFD-300 normal AW3,107.0,20000.0
engine-16,SFD-300 normal AW3,108.0,19000.0
engine-16,SFD-300 normal AW3,109.0,19000.0
engine-16,SFD-300 normal AW3,110.0,19000.0
engine-16,SFD-300 normal AW3,111.0,18000.0
engine-16,SFD-300 normal AW3,112.0,18000.0
engine-16,SFD-300 normal AW3,113.0,18000.0
engine-16,SFD-300 normal AW3,114.0,17000.0
engine-16,SFD-300 normal AW3,115.0,17000.0
engine-16,SFD-300 normal AW3,116.0,17000.0
engine-16,SFD-300 normal AW3,117.0,16000.0
engine-16,SFD-300 normal AW3,118.0,16000.0
engine-16,SFD-300 normal AW3,119.0,16000.0
engine-16,SFD-300 normal AW3,120.0,16000.0
engine-17,D-1800,0.0,228000.0
engine-17,D-1800,1.0,228000.0
engine-17,D-1800,2.0,228000.0
engine-17,D-1800,3.0,228000.0
engine-17,D-1800,4.0,228000.0
engine-17,D-1800,5.0,228000.0
engine-17,D-1800,6.0,228000.0
engine-17,D-1800,7.0,228000.0
engine-17,D-1800,8.0,228000.0
engine-17,D-1800,9.0,228000.0
engine-17,D-1800,10.0,228000.0
engine-17,D-1800,11.0,228000.0
engine-17,D-1800,12.0,228000.0
engine-17,D-1800,13.0,228000.0
engine-17,D-1800,14.0,228000.0
engine-17,D-1800,15.0,228000.0
engine-17,D-1800,16.0,228000.0
engine-17,D-1800,17.0,228000.0
engine-17,D-1800,18.0,228000.0
engine-17,D-1800,19.0,228000.0
engine-17,D-1800,20.0,228000.0
engine-17,D-1800,21.0,228000.0
engine-17,D-1800,22.0,217000.0
engine-17,D-1800,23.0,208000.0
engine-17,D-1800,24.0,199000.0
engine-17,D-1800,25.0,191000.0
engine-17,D-1800,26.0,184000.0
engine-17,D-1800,27.0,177000.0
engine-17,D-1800,28.0,171000.0
engine-17,D-1800,29.0,165000.0
engine-17,D-1800,30.0,159000.0
engine-17,D-1800,31.0,154000.0
engine-17,D-1800,32.0,149000.0
engine-17,D-1800,33.0,145000.0
engine-17,D-1800,34.0,141000.0
engine-17,D-1800,35.0,137000.0
engine-17,D-1800,36.0,133000.0
engine-17,D-1800,37.0,129000.0
engine-17,D-1800,38.0,126000.0
engine-17,D-1800,39.0,123000.0
engine-17,D-1800,40.0,119000.0
engine-17,D-1800,41.0,117000.0
engine-17,D-1800,42.0,114000.0
engine-17,D-1800,43.0,111000.0
engine-17,D-1800,44.0,109000.0
engine-17,D-1800,45.0,106000.0
engine-17,D-1800,46.0,104000.0
engine-17,D-1800,47.0,102000.0
engine-17,D-1800,48.0,100000.0
engine-17,D-1800,49.0,98000.0
engine-17,D-1800,50.0,96000.0
engine-17,D-1800,51.0,94000.0
engine-17,D-1800,52.0,92000.0
engine-17,D-1800,53.0,90000.0
engine-17,D-1800,54.0,89000.0
engine-17,D-1800,55.0,87000.0
engine-17,D-1800,56.0,85000.0
engine-17,D-1800,57.0,84000.0
engine-17,D-1800,58.0,82000.0
engine-17,D-1800,59.0,81000.0
engine-17,D-1800,60.0,80000.0
engine-17,D-1800,61.0,78000.0
engine-17,D-1800,62.0,77000.0
engine-17,D-1800,63.0,76000.0
engine-17,D-1800,64.0,75000.0
engine-17,D-1800,65.0,74000.0
engine-17,D-1800,66.0,72000.0
engine-17,D-1800,67.0,71000.0
engine-17,D-1800,68.0,70000.0
engine-17,D-1800,69.0,69000.0
engine-17,D-1800,70.0,68000.0
engine-17,D-1800,71.0,67000.0
engine-17,D-1800,72.0,66000.0
engine-17,D-1800,73.0,66000.0
engine-17,D-1800,74.0,65000.0
engine-17,D-1800,75.0,64000.0
engine-17,D-1800,76.0,63000.0
engine-17,D-1800,77.0,62000.0
engine-17,D-1800,78.0,61000.0
engine-17,D-1800,79.0,61000.0
engine-17,D-1800,80.0,60000.0
engine-17,D-1800,81.0,59000.0
engine-17,D-1800,82.0,58000.0
engine-17,D-1800,83.0,58000.0
engine-17,D-1800,84.0,57000.0
engine-17,D-1800,85.0,56000.0
engine-17,D-1800,86.0,56000.0
engine-17,D-1800,87.0,55000.0
engine-17,D-1800,88.0,54000.0
engine-17,D-1800,89.0,54000.0
engine-17,D-1800,90.0,53000.0
engine-17,D-1800,91.0,53000.0
engine-17,D-1800,92.0,52000.0
engine-17,D-1800,93.0,51000.0
engine-17,D-1800,94.0,51000.0
engine-17,D-1800,95.0,50000.0
engine-17,D-1800,96.0,50000.0
engine-17,D-1800,97.0,49000.0
engine-17,D-1800,98.0,49000.0
engine-17,D-1800,99.0,48000.0
engine-17,D-1800,100.0,48000.0
engine-17,D-1800,101.0,47000.0
engine-17,D-1800,102.0,47000.0
engine-17,D-1800,103.0,46000.0
engine-17,D-1800,104.0,46000.0
engine-17,D-1800,105.0,46000.0
engine-17,D-1800,106.0,45000.0
engine-17,D-1800,107.0,45000.0
engine-17,D-1800,108.0,44000.0
engine-17,D-1800,109.0,44000.0
engine-17,D-1800,110.0,44000.0
engine-18,D-1000,0.0,147000.0
engine-18,D-1000,1.0,147000.0
engine-18,D-1000,2.0,147000.0
engine-18,D-1000,3.0,147000.0
engine-18,D-1000,4.0,147000.0
engine-18,D-1000,5.0,147000.0
engine-18,D-1000,6.0,147000.0
engine-18,D-1000,7.0,147000.0
engine-18,D-1000,8.0,147000.0
engine-18,D-1000,9.0,147000.0
engine-18,D-1000,10.0,147000.0
engine-18,D-1000,11.0,147000.0
engine-18,D-1000,12.0,147000.0
engine-18,D-1000,13.0,147000.0
engine-18,D-1000,14.0,147000.0
engine-18,D-1000,15.0,147000.0
engine-18,D-1000,16.0,147000.0
engine-18,D-1000,17.0,147000.0
engine-18,D-1000,18.0,147000.0
engine-18,D-1000,19.0,139000.0
engine-18,D-1000,20.0,132000.0
engine-18,D-1000,21.0,126000.0
engine-18,D-1000,22.0,120000.0
engine-18,D-1000,23.0,115000.0
engine-18,D-1000,24.0,110000.0
engine-18,D-1000,25.0,106000.0
engine-18,D-1000,26.0,102000.0
engine-18,D-1000,27.0,98000.0
engine-18,D-1000,28.0,94000.0
engine-18,D-1000,29.0,91000.0
engine-18,D-1000,30.0,88000.0
engine-18,D-1000,31.0,85000.0
engine-18,D-1000,32.0,83000.0
engine-18,D-1000,33.0,80000.0
engine-18,D-1000,34.0,78000.0
engine-18,D-1000,35.0,75000.0
engine-18,D-1000,36.0,73000.0
engine-18,D-1000,37.0,71000.0
engine-18,D-1000,38.0,70000.0
engine-18,D-1000,39.0,68000.0
engine-18,D-1000,40.0,66000.0
engine-18,D-1000,41.0,64000.0
engine-18,D-1000,42.0,63000.0
engine-18,D-1000,43.0,61000.0
engine-18,D-1000,44.0,60000.0
engine-18,D-1000,45.0,59000.0
engine-18,D-1000,46.0,57000.0
engine-18,D-1000,47.0,56000.0
engine-18,D-1000,48.0,55000.0
engine-18,D-1000,49.0,54000.0
engine-18,D-1000,50.0,53000.0
engine-18,D-1000,51.0,52000.0
engine-18,D-1000,52.0,51000.0
engine-18,D-1000,53.0,50000.0
engine-18,D-1000,54.0,49000.0
engine-18,D-1000,55.0,48000.0
engine-18,D-1000,56.0,47000.0
engine-18,D-1000,57.0,46000.0
engine-18,D-1000,58.0,46000.0
engine-18,D-1000,59.0,45000.0
engine-18,D-1000,60.0,44000.0
engine-18,D-1000,61.0,43000.0
engine-18,D-1000,62.0,43000.0
engine-18,D-1000,63.0,42000.0
engine-18,D-1000,64.0,41000.0
engine-18,D-1000,65.0,41000.0
engine-18,D-1000,66.0,40000.0
engine-18,D-1000,67.0,40000.0
engine-18,D-1000,68.0,39000.0
engine-18,D-1000,69.0,38000.0
engine-18,D-1000,70.0,38000.0
engine-18,D-1000,71.0,37000.0
engine-18,D-1000,72.0,37000.0
engine-18,D-1000,73.0,36000.0
engine-18,D-1000,74.0,36000.0
engine-18,D-1000,75.0,35000.0
engine-18,D-1000,76.0,35000.0
engine-18,D-1000,77.0,34000.0
engine-18,D-1000,78.0,34000.0
engine-18,D-1000,79.0,34000.0
engine-18,D-1000,80.0,33000.0
engine-18,D-1000,81.0,33000.0
engine-18,D-1000,82.0,32000.0
engine-18,D-1000,83.0,32000.0
engine-18,D-1000,84.0,32000.0
engine-18,D-1000,85.0,31000.0
engine-18,D-1000,86.0,31000.0
engine-18,D-1000,87.0,31000.0
engine-18,D-1000,88.0,30000.0
engine-18,D-1000,89.0,30000.0
engine-18,D-1000,90.0,30000.0
engine-19,D-2340 (SDL-39),0.0,210000.0
engine-19,D-2340 (SDL-39),1.0,210000.0
engine-19,D-2340 (SDL-39),2.0,210000.0
engine-19,D-2340 (SDL-39),3.0,210000.0
engine-19,D-2340 (SDL-39),4.0,210000.0
engine-19,D-2340 (SDL-39),5.0,210000.0
engine-19,D-2340 (SDL-39),6.0,210000.0
engine-19,D-2340 (SDL-39),7.0,210000.0
engine-19,D-2340 (SDL-39),8.0,210000.0
engine-19,D-2340 (SDL-39),9.0,210000.0
engine-19,D-2340 (SDL-39),10.0,210000.0
engine-19,D-2340 (SDL-39),11.0,210000.0
engine-19,D-2340 (SDL-39),12.0,210000.0
engine-19,D-2340 (SDL-39),13.0,210000.0
engine-19,D-2340 (SDL-39),14.0,210000.0
engine-19,D-2340 (SDL-39),15.0,210000.0
engine-19,D-2340 (SDL-39),16.0,210000.0
engine-19,D-2340 (SDL-39),17.0,210000.0
engine-19,D-2340 (SDL-39),18.0,210000.0
engine-19,D-2340 (SDL-39),19.0,210000.0
engine-19,D-2340 (SDL-39),20.0,210000.0
engine-19,D-2340 (SDL-39),21.0,210000.0
engine-19,D-2340 (SDL-39),22.0,210000.0
engine-19,D-2340 (SDL-39),23.0,210000.0
engine-19,D-2340 (SDL-39),24.0,210000.0
engine-19,D-2340 (SDL-39),25.0,210000.0
engine-19,D-2340 (SDL-39),26.0,210000.0
engine-19,D-2340 (SDL-39),27.0,210000.0
engine-19,D-2340 (SDL-39),28.0,210000.0
engine-19,D-2340 (SDL-39),29.0,210000.0
engine-19,D-2340 (SDL-39),30.0,203000.0
engine-19,D-2340 (SDL-39),31.0,196000.0
engine-19,D-2340 (SDL-39),32.0,190000.0
engine-19,D-2340 (SDL-39),33.0,184000.0
engine-19,D-2340 (SDL-39),34.0,179000.0
engine-19,D-2340 (SDL-39),35.0,174000.0
engine-19,D-2340 (SDL-39),36.0,169000.0
engine-19,D-2340 (SDL-39),37.0,164000.0
engine-19,D-2340 (SDL-39),38.0,160000.0
engine-19,D-2340 (SDL-39),39.0,156000.0
engine-19,D-2340 (SDL-39),40.0,152000.0
engine-19,D-2340 (SDL-39),41.0,149000.0
engine-19,D-2340 (SDL-39),42.0,145000.0
engine-19,D-2340 (SDL-39),43.0,142000.0
engine-19,D-2340 (SDL-39),44.0,138000.0
engine-19,D-2340 (SDL-39),45.0,135000.0
engine-19,D-2340 (SDL-39),46.0,133000.0
engine-19,D-2340 (SDL-39),47.0,130000.0
engine-19,D-2340 (SDL-39),48.0,127000.0
engine-19,D-2340 (SDL-39),49.0,124000.0
engine-19,D-2340 (SDL-39),50.0,122000.0
engine-19,D-2340 (SDL-39),51.0,120000.0
engine-19,D-2340 (SDL-39),52.0,117000.0
engine-19,D-2340 (SDL-39),53.0,115000.0
engine-19,D-2340 (SDL-39),54.0,113000.0
engine-19,D-2340 (SDL-39),55.0,111000.0
engine-19,D-2340 (SDL-39),56.0,109000.0
engine-19,D-2340 (SDL-39),57.0,107000.0
engine-19,D-2340 (SDL-39),58.0,105000.0
engine-19,D-2340 (SDL-39),59.0,104000.0
engine-19,D-2340 (SDL-39),60.0,102000.0
engine-19,D-2340 (SDL-39),61.0,100000.0
engine-19,D-2340 (SDL-39),62.0,99000.0
engine-19,D-2340 (SDL-39),63.0,97000.0
engine-19,D-2340 (SDL-39),64.0,96000.0
engine-19,D-2340 (SDL-39),65.0,94000.0
engine-19,D-2340 (SDL-39),66.0,93000.0
engine-19,D-2340 (SDL-39),67.0,91000.0
engine-19,D-2340 (SDL-39),68.0,90000.0
engine-19,D-2340 (SDL-39),69.0,89000.0
engine-19,D-2340 (SDL-39),70.0,87000.0
engine-19,D-2340 (SDL-39),71.0,86000.0
engine-19,D-2340 (SDL-39),72.0,85000.0
engine-19,D-2340 (SDL-39),73.0,84000.0
engine-19,D-2340 (SDL-39),74.0,83000.0
engine-19,D-2340 (SDL-39),75.0,82000.0
engine-19,D-2340 (SDL-39),76.0,81000.0
engine-19,D-2340 (SDL-39),77.0,80000.0
engine-19,D-2340 (SDL-39),78.0,79000.0
engine-19,D-2340 (SDL-39),79.0,78000.0
engine-19,D-2340 (SDL-39),80.0,77000.0
engine-19,D-2340 (SDL-39),81.0,76000.0
engine-19,D-2340 (SDL-39),82.0,75000.0
engine-19,D-2340 (SDL-39),83.0,74000.0
engine-19,D-2340 (SDL-39),84.0,73000.0
engine-19,D-2340 (SDL-39),85.0,72000.0
engine-19,D-2340 (SDL-39),86.0,71000.0
engine-19,D-2340 (SDL-39),87.0,71000.0
engine-19,D-2340 (SDL-39),88.0,70000.0
engine-19,D-2340 (SDL-39),89.0,69000.0
engine-19,D-2340 (SDL-39),90.0,68000.0
engine-19,D-2340 (SDL-39),91.0,68000.0
engine-19,D-2340 (SDL-39),92.0,67000.0
engine-19,D-2340 (SDL-39),93.0,66000.0
engine-19,D-2340 (SDL-39),94.0,65000.0
engine-19,D-2340 (SDL-39),95.0,65000.0
engine-19,D-2340 (SDL-39),96.0,64000.0
engine-19,D-2340 (SDL-39),97.0,63000.0
engine-19,D-2340 (SDL-39),98.0,63000.0
engine-19,D-2340 (SDL-39),99.0,62000.0
engine-19,D-2340 (SDL-39),100.0,62000.0
engine-19,D-2340 (SDL-39),101.0,61000.0
engine-19,D-2340 (SDL-39),102.0,60000.0
engine-19,D-2340 (SDL-39),103.0,60000.0
engine-19,D-2340 (SDL-39),104.0,59000.0
engine-19,D-2340 (SDL-39),105.0,59000.0
engine-19,D-2340 (SDL-39),106.0,58000.0
engine-19,D-2340 (SDL-39),107.0,58000.0
engine-19,D-2340 (SDL-39),108.0,57000.0
engine-19,D-2340 (SDL-39),109.0,57000.0
engine-19,D-2340 (SDL-39),110.0,56000.0
engine-19,D-2340 (SDL-39),111.0,56000.0
engine-19,D-2340 (SDL-39),112.0,55000.0
engine-19,D-2340 (SDL-39),113.0,55000.0
engine-19,D-2340 (SDL-39),114.0,54000.0
engine-19,D-2340 (SDL-39),115.0,54000.0
engine-19,D-2340 (SDL-39),116.0,53000.0
engine-19,D-2340 (SDL-39),117.0,53000.0
engine-19,D-2340 (SDL-39),118.0,52000.0
engine-19,D-2340 (SDL-39),119.0,52000.0
engine-19,D-2340 (SDL-39),120.0,52000.0
engine-20,D-2350 (SD-39 2M),0.0,287000.0
engine-20,D-2350 (SD-39 2M),1.0,287000.0
engine-20,D-2350 (SD-39 2M),2.0,287000.0
engine-20,D-2350 (SD-39 2M),3.0,287000.0
engine-20,D-2350 (SD-39 2M),4.0,287000.0
engine-20,D-2350 (SD-39 2M),5.0,287000.0
engine-20,D-2350 (SD-39 2M),6.0,287000.0
engine-20,D-2350 (SD-39 2M),7.0,287000.0
engine-20,D-2350 (SD-39 2M),8.0,287000.0
engine-20,D-2350 (SD-39 2M),9.0,287000.0
engine-20,D-2350 (SD-39 2M),10.0,287000.0
engine-20,D-2350 (SD-39 2M),11.0,287000.0
engine-20,D-2350 (SD-39 2M),12.0,287000.0
engine-20,D-2350 (SD-39 2M),13.0,287000.0
engine-20,D-2350 (SD-39 2M),14.0,287000.0
engine-20,D-2350 (SD-39 2M),15.0,287000.0
engine-20,D-2350 (SD-39 2M),16.0,287000.0
engine-20,D-2350 (SD-39 2M),17.0,287000.0
engine-20,D-2350 (SD-39 2M),18.0,287000.0
engine-20,D-2350 (SD-39 2M),19.0,287000.0
engine-20,D-2350 (SD-39 2M),20.0,287000.0
engine-20,D-2350 (SD-39 2M),21.0,287000.0
engine-20,D-2350 (SD-39 2M),22.0,273000.0
engine-20,D-2350 (SD-39 2M),23.0,262000.0
engine-20,D-2350 (SD-39 2M),24.0,251000.0
engine-20,D-2350 (SD-39 2M),25.0,241000.0
engine-20,D-2350 (SD-39 2M),26.0,231000.0
engine-20,D-2350 (SD-39 2M),27.0,223000.0
engine-20,D-2350 (SD-39 2M),28.0,215000.0
engine-20,D-2350 (SD-39 2M),29.0,208000.0
engine-20,D-2350 (SD-39 2M),30.0,201000.0
engine-20,D-2350 (SD-39 2M),31.0,194000.0
engine-20,D-2350 (SD-39 2M),32.0,188000.0
engine-20,D-2350 (SD-39 2M),33.0,182000.0
engine-20,D-2350 (SD-39 2M),34.0,177000.0
engine-20,D-2350 (SD-39 2M),35.0,172000.0
engine-20,D-2350 (SD-39 2M),36.0,167000.0
engine-20,D-2350 (SD-39 2M),37.0,163000.0
engine-20,D-2350 (SD-39 2M),38.0,159000.0
engine-20,D-2350 (SD-39 2M),39.0,154000.0
engine-20,D-2350 (SD-39 2M),40.0,151000.0
engine-20,D-2350 (SD-39 2M),41.0,147000.0
engine-20,D-2350 (SD-39 2M),42.0,143000.0
engine-20,D-2350 (SD-39 2M),43.0,140000.0
engine-20,D-2350 (SD-39 2M),44.0,137000.0
engine-20,D-2350 (SD-39 2M),45.0,134000.0
engine-20,D-2350 (SD-39 2M),46.0,131000.0
engine-20,D-2350 (SD-39 2M),47.0,128000.0
engine-20,D-2350 (SD-39 2M),48.0,126000.0
engine-20,D-2350 (SD-39 2M),49.0,123000.0
engine-20,D-2350 (SD-39 2M),50.0,121000.0
engine-20,D-2350 (SD-39 2M),51.0,118000.0
engine-20,D-2350 (SD-39 2M),52.0,116000.0
engine-20,D-2350 (SD-39 2M),53.0,114000.0
engine-20,D-2350 (SD-39 2M),54.0,112000.0
engine-20,D-2350 (SD-39 2M),55.0,110000.0
engine-20,D-2350 (SD-39 2M),56.0,108000.0
engine-20,D-2350 (SD-39 2M),57.0,106000.0
engine-20,D-2350 (SD-39 2M),58.0,104000.0
engine-20,D-2350 (SD-39 2M),59.0,102000.0
engine-20,D-2350 (SD-39 2M),60.0,101000.0
engine-20,D-2350 (SD-39 2M),61.0,99000.0
engine-20,D-2350 (SD-39 2M),62.0,97000.0
engine-20,D-2350 (SD-39 2M),63.0,96000.0
engine-20,D-2350 (SD-39 2M),64.0,94000.0
engine-20,D-2350 (SD-39 2M),65.0,93000.0
engine-20,D-2350 (SD-39 2M),66.0,91000.0
engine-20,D-2350 (SD-39 2M),67.0,90000.0
engine-20,D-2350 (SD-39 2M),68.0,89000.0
engine-20,D-2350 (SD-39 2M),69.0,88000.0
engine-20,D-2350 (SD-39 2M),70.0,86000.0
engine-20,D-2350 (SD-39 2M),71.0,85000.0
engine-20,D-2350 (SD-39 2M),72.0,84000.0
engine-20,D-2350 (SD-39 2M),73.0,83000.0
engine-20,D-2350 (SD-39 2M),74.0,82000.0
engine-20,D-2350 (SD-39 2M),75.0,81000.0
engine-20,D-2350 (SD-39 2M),76.0,79000.0
engine-20,D-2350 (SD-39 2M),77.0,78000.0
engine-20,D-2350 (SD-39 2M),78.0,77000.0
engine-20,D-2350 (SD-39 2M),79.0,76000.0
engine-20,D-2350 (SD-39 2M),80.0,76000.0
engine-20,D-2350 (SD-39 2M),81.0,75000.0
engine-20,D-2350 (SD-39 2M),82.0,74000.0
engine-20,D-2350 (SD-39 2M),83.0,73000.0
engine-20,D-2350 (SD-39 2M),84.0,72000.0
engine-20,D-2350 (SD-39 2M),85.0,71000.0
engine-20,D-2350 (SD-39 2M),86.0,70000.0
engine-20,D-2350 (SD-39 2M),87.0,69000.0
engine-20,D-2350 (SD-39 2M),88.0,69000.0
engine-20,D-2350 (SD-39 2M),89.0,68000.0
engine-20,D-2350 (SD-39 2M),90.0,67000.0
engine-20,D-2350 (SD-39 2M),91.0,66000.0
engine-20,D-2350 (SD-39 2M),92.0,66000.0
engine-20,D-2350 (SD-39 2M),93.0,65000.0
engine-20,D-2350 (SD-39 2M),94.0,64000.0
engine-20,D-2350 (SD-39 2M),95.0,64000.0
engine-20,D-2350 (SD-39 2M),96.0,63000.0
engine-20,D-2350 (SD-39 2M),97.0,62000.0
engine-20,D-2350 (SD-39 2M),98.0,62000.0
engine-20,D-2350 (SD-39 2M),99.0,61000.0
engine-20,D-2350 (SD-39 2M),100.0,61000.0
engine-20,D-2350 (SD-39 2M),101.0,60000.0
engine-20,D-2350 (SD-39 2M),102.0,59000.0
engine-20,D-2350 (SD-39 2M),103.0,59000.0
engine-20,D-2350 (SD-39 2M),104.0,58000.0
engine-20,D-2350 (SD-39 2M),105.0,58000.0
engine-20,D-2350 (SD-39 2M),106.0,57000.0
engine-20,D-2350 (SD-39 2M),107.0,57000.0
engine-20,D-2350 (SD-39 2M),108.0,56000.0
engine-20,D-2350 (SD-39 2M),109.0,56000.0
engine-20,D-2350 (SD-39 2M),110.0,55000.0
engine-20,D-2350 (SD-39 2M),111.0,55000.0
engine-20,D-2350 (SD-39 2M),112.0,54000.0
engine-20,D-2350 (SD-39 2M),113.0,54000.0
engine-20,D-2350 (SD-39 2M),114.0,53000.0
engine-20,D-2350 (SD-39 2M),115.0,53000.0
engine-20,D-2350 (SD-39 2M),116.0,52000.0
engine-20,D-2350 (SD-39 2M),117.0,52000.0
engine-20,D-2350 (SD-39 2M),118.0,51000.0
engine-20,D-2350 (SD-39 2M),119.0,51000.0
engine-20,D-2350 (SD-39 2M),120.0,51000.0
engine-21,D-3000 (SD-40),0.0,253000.0
engine-21,D-3000 (SD-40),1.0,253000.0
engine-21,D-3000 (SD-40),2.0,253000.0
engine-21,D-3000 (SD-40),3.0,253000.0
engine-21,D-3000 (SD-40),4.0,253000.0
engine-21,D-3000 (SD-40),5.0,253000.0
engine-21,D-3000 (SD-40),6.0,253000.0
engine-21,D-3000 (SD-40),7.0,253000.0
engine-21,D-3000 (SD-40),8.0,253000.0
engine-21,D-3000 (SD-40),9.0,253000.0
engine-21,D-3000 (SD-40),10.0,253000.0
engine-21,D-3000 (SD-40),11.0,253000.0
engine-21,D-3000 (SD-40),12.0,253000.0
engine-21,D-3000 (SD-40),13.0,253000.0
engine-21,D-3000 (SD-40),14.0,253000.0
engine-21,D-3000 (SD-40),15.0,253000.0
engine-21,D-3000 (SD-40),16.0,253000.0
engine-21,D-3000 (SD-40),17.0,253000.0
engine-21,D-3000 (SD-40),18.0,253000.0
engine-21,D-3000 (SD-40),19.0,253000.0
engine-21,D-3000 (SD-40),20.0,253000.0
engine-21,D-3000 (SD-40),21.0,253000.0
engine-21,D-3000 (SD-40),22.0,253000.0
engine-21,D-3000 (SD-40),23.0,253000.0
engine-21,D-3000 (SD-40),24.0,253000.0
engine-21,D-3000 (SD-40),25.0,253000.0
engine-21,D-3000 (SD-40),26.0,253000.0
engine-21,D-3000 (SD-40),27.0,253000.0
engine-21,D-3000 (SD-40),28.0,253000.0
engine-21,D-3000 (SD-40),29.0,253000.0
engine-21,D-3000 (SD-40),30.0,253000.0
engine-21,D-3000 (SD-40),31.0,253000.0
engine-21,D-3000 (SD-40),32.0,253000.0
engine-21,D-3000 (SD-40),33.0,245000.0
engine-21,D-3000 (SD-40),34.0,238000.0
engine-21,D-3000 (SD-40),35.0,231000.0
engine-21,D-3000 (SD-40),36.0,224000.0
engine-21,D-3000 (SD-40),37.0,218000.0
engine-21,D-3000 (SD-40),38.0,213000.0
engine-21,D-3000 (SD-40),39.0,207000.0
engine-21,D-3000 (SD-40),40.0,202000.0
engine-21,D-3000 (SD-40),41.0,197000.0
engine-21,D-3000 (SD-40),42.0,192000.0
engine-21,D-3000 (SD-40),43.0,188000.0
engine-21,D-3000 (SD-40),44.0,184000.0
engine-21,D-3000 (SD-40),45.0,180000.0
engine-21,D-3000 (SD-40),46.0,176000.0
engine-21,D-3000 (SD-40),47.0,172000.0
engine-21,D-3000 (SD-40),48.0,168000.0
engine-21,D-3000 (SD-40),49.0,165000.0
engine-21,D-3000 (SD-40),50.0,162000.0
engine-21,D-3000 (SD-40),51.0,158000.0
engine-21,D-3000 (SD-40),52.0,155000.0
engine-21,D-3000 (SD-40),53.0,152000.0
engine-21,D-3000 (SD-40),54.0,150000.0
engine-21,D-3000 (SD-40),55.0,147000.0
engine-21,D-3000 (SD-40),56.0,144000.0
engine-21,D-3000 (SD-40),57.0,142000.0
engine-21,D-3000 (SD-40),58.0,139000.0
engine-21,D-3000 (SD-40),59.0,137000.0
engine-21,D-3000 (SD-40),60.0,135000.0
engine-21,D-3000 (SD-40),61.0,132000.0
engine-21,D-3000 (SD-40),62.0,130000.0
engine-21,D-3000 (SD-40),63.0,128000.0
engine-21,D-3000 (SD-40),64.0,126000.0
engine-21,D-3000 (SD-40),65.0,124000.0
engine-21,D-3000 (SD-40),66.0,122000.0
engine-21,D-3000 (SD-40),67.0,121000.0
engine-21,D-3000 (SD-40),68.0,119000.0
engine-21,D-3000 (SD-40),69.0,117000.0
engine-21,D-3000 (SD-40),70.0,115000.0
engine-21,D-3000 (SD-40),71.0,114000.0
engine-21,D-3000 (SD-40),72.0,112000.0
engine-21,D-3000 (SD-40),73.0,111000.0
engine-21,D-3000 (SD-40),74.0,109000.0
engine-21,D-3000 (SD-40),75.0,108000.0
engine-21,D-3000 (SD-40),76.0,106000.0
engine-21,D-3000 (SD-40),77.0,105000.0
engine-21,D-3000 (SD-40),78.0,104000.0
engine-21,D-3000 (SD-40),79.0,102000.0
engine-21,D-3000 (SD-40),80.0,101000.0
engine-21,D-3000 (SD-40),81.0,100000.0
engine-21,D-3000 (SD-40),82.0,99000.0
engine-21,D-3000 (SD-40),83.0,97000.0
engine-21,D-3000 (SD-40),84.0,96000.0
engine-21,D-3000 (SD-40),85.0,95000.0
engine-21,D-3000 (SD-40),86.0,94000.0
engine-21,D-3000 (SD-40),87.0,93000.0
engine-21,D-3000 (SD-40),88.0,92000.0
engine-21,D-3000 (SD-40),89.0,91000.0
engine-21,D-3000 (SD-40),90.0,90000.0
engine-21,D-3000 (SD-40),91.0,89000.0
engine-21,D-3000 (SD-40),92.0,88000.0
engine-21,D-3000 (SD-40),93.0,87000.0
engine-21,D-3000 (SD-40),94.0,86000.0
engine-21,D-3000 (SD-40),95.0,85000.0
engine-21,D-3000 (SD-40),96.0,84000.0
engine-21,D-3000 (SD-40),97.0,83000.0
engine-21,D-3000 (SD-40),98.0,82000.0
engine-21,D-3000 (SD-40),99.0,82000.0
engine-21,D-3000 (SD-40),100.0,81000.0
engine-21,D-3000 (SD-40),101.0,80000.0
engine-21,D-3000 (SD-40),102.0,79000.0
engine-21,D-3000 (SD-40),103.0,78000.0
engine-21,D-3000 (SD-40),104.0,78000.0
engine-21,D-3000 (SD-40),105.0,77000.0
engine-21,D-3000 (SD-40),106.0,76000.0
engine-21,D-3000 (SD-40),107.0,76000.0
engine-21,D-3000 (SD-40),108.0,75000.0
engine-21,D-3000 (SD-40),109.0,74000.0
engine-21,D-3000 (SD-40),110.0,74000.0
