linea,tren_id,portador,estacion,dist_km,hora_min
L1,C-FEPASA-50009,FEPASA,SAN ROSENDO,4.0,471.0
L1,C-FEPASA-50009,FEPASA,Buenuraqui,8.467,709.0
L1,C-FEPASA-50009,FEPASA,Gomero,15.324,736.0
L1,C-FEPASA-50009,FEPASA,Talcamávida,22.798,749.0
L1,C-FEPASA-50009,FEPASA,Unihue,29.397,759.0
L1,C-FEPASA-50009,FEPASA,Quilacoya,36.53,777.0
L1,C-FEPASA-50009,FEPASA,Hualqui,46.917,801.0
L1,C-FEPASA-50009,FEPASA,La Leonera,55.32,814.0
L1,C-FEPASA-50009,FEPASA,Chiguayante,60.31,819.0
L1,C-FEPASA-50009,FEPASA,CONCEPCIÓN,68.521,835.0
L1,C-FEPASA-50009,FEPASA,EL ARENAL,82.79,857.0
L1,C-FEPASA-50011,FEPASA,SAN ROSENDO,4.0,50.0
L1,C-FEPASA-50011,FEPASA,Buenuraqui,8.467,72.0
L1,C-FEPASA-50011,FEPASA,Gomero,15.324,102.0
L1,C-FEPASA-50011,FEPASA,Talcamávida,22.798,115.0
L1,C-FEPASA-50011,FEPASA,Unihue,29.397,137.0
L1,C-FEPASA-50011,FEPASA,Quilacoya,36.53,150.0
L1,C-FEPASA-50011,FEPASA,Hualqui,46.917,166.0
L1,C-FEPASA-50011,FEPASA,La Leonera,55.32,179.0
L1,C-FEPASA-50011,FEPASA,Chiguayante,60.31,184.0
L1,C-FEPASA-50011,FEPASA,CONCEPCIÓN,68.521,200.0
L1,C-FEPASA-50011,FEPASA,EL ARENAL,82.79,222.0
L1,C-FEPASA-50012,FEPASA,SAN ROSENDO,4.0,938.0
L1,C-FEPASA-50012,FEPASA,Buenuraqui,8.467,982.0
L1,C-FEPASA-50012,FEPASA,Gomero,15.324,1025.0
L1,C-FEPASA-50012,FEPASA,Talcamávida,22.798,1058.0
L1,C-FEPASA-50012,FEPASA,Quilacoya,36.53,1112.0
L1,C-FEPASA-50012,FEPASA,La Leonera,55.32,1121.0
L1,C-FEPASA-50050,FEPASA,Laja,1.6,164.0
L1,C-FEPASA-50050,FEPASA,SAN ROSENDO,4.0,208.0
L1,C-FEPASA-50050,FEPASA,Buenuraqui,8.467,225.0
L1,C-FEPASA-50050,FEPASA,Gomero,15.324,237.0
L1,C-FEPASA-50050,FEPASA,Talcamávida,22.798,250.0
L1,C-FEPASA-50050,FEPASA,Unihue,29.397,260.0
L1,C-FEPASA-50050,FEPASA,Quilacoya,36.53,272.0
L1,C-FEPASA-50050,FEPASA,Hualqui,46.917,287.0
L1,C-FEPASA-50050,FEPASA,La Leonera,55.32,298.0
L1,C-FEPASA-50050,FEPASA,Chiguayante,60.31,304.0
L1,C-FEPASA-50050,FEPASA,CONCEPCIÓN,68.521,318.0
L2,C-FEPASA-50050,FEPASA,CONCEPCIÓN,1.0,318.0
L2,C-FEPASA-50050,FEPASA,BIOBÍO,3.351,328.0
L2,C-FEPASA-50050,FEPASA,Boca Sur,7.439,390.0
L2,C-FEPASA-50050,FEPASA,Lomas Coloradas,11.026,395.0
L2,C-FEPASA-50050,FEPASA,Escuadrón,19.398,404.0
L2,C-FEPASA-50050,FEPASA,Lagunillas,23.804,410.0
L2,C-FEPASA-50050,FEPASA,CORONEL,27.355,416.0
L1,C-FEPASA-50051,FEPASA,Laja,1.6,936.0
L1,C-FEPASA-50051,FEPASA,SAN ROSENDO,4.0,958.0
L1,C-FEPASA-50051,FEPASA,Gomero,15.324,986.0
L1,C-FEPASA-50051,FEPASA,Unihue,29.397,996.0
L1,C-FEPASA-50051,FEPASA,Quilacoya,36.53,1057.0
L1,C-FEPASA-50051,FEPASA,Hualqui,46.917,1084.0
L1,C-FEPASA-50051,FEPASA,Chiguayante,60.31,1105.0
L2,C-FEPASA-50051,FEPASA,BIOBÍO,3.351,785.0
L2,C-FEPASA-50051,FEPASA,Boca Sur,7.439,791.0
L2,C-FEPASA-50051,FEPASA,Lomas Coloradas,11.026,797.0
L2,C-FEPASA-50051,FEPASA,Escuadrón,19.398,806.0
L2,C-FEPASA-50051,FEPASA,Lagunillas,23.804,811.0
L2,C-FEPASA-50051,FEPASA,CORONEL,27.355,816.0
L1,C-FEPASA-50052,FEPASA,Laja,1.6,437.0
L1,C-FEPASA-50052,FEPASA,SAN ROSENDO,4.0,488.0
L1,C-FEPASA-50052,FEPASA,Buenuraqui,8.467,527.0
L1,C-FEPASA-50052,FEPASA,Gomero,15.324,553.0
L1,C-FEPASA-50052,FEPASA,Talcamávida,22.798,566.0
L1,C-FEPASA-50052,FEPASA,Unihue,29.397,585.0
L1,C-FEPASA-50052,FEPASA,Quilacoya,36.53,597.0
L1,C-FEPASA-50052,FEPASA,Hualqui,46.917,612.0
L1,C-FEPASA-50052,FEPASA,La Leonera,55.32,623.0
L1,C-FEPASA-50052,FEPASA,Chiguayante,60.31,646.0
L1,C-FEPASA-50052,FEPASA,CONCEPCIÓN,68.521,660.0
L1,C-FEPASA-50052,FEPASA,EL ARENAL,82.79,700.0
L2,C-FEPASA-50052,FEPASA,CONCEPCIÓN,1.0,660.0
L2,C-FEPASA-50052,FEPASA,Biobío,3.351,670.0
L2,C-FEPASA-50052,FEPASA,Boca Sur,7.439,675.0
L2,C-FEPASA-50052,FEPASA,Lomas Coloradas,11.026,680.0
L2,C-FEPASA-50052,FEPASA,Escuadrón,19.398,689.0
L2,C-FEPASA-50052,FEPASA,Lagunillas,23.804,695.0
L2,C-FEPASA-50052,FEPASA,CORONEL,27.355,701.0
L1,C-FEPASA-50053,FEPASA,CONCEPCIÓN,68.521,5.0
L1,C-FEPASA-50053,FEPASA,LA LEONERA,55.32,990.0
L1,C-FEPASA-50053,FEPASA,SAN ROSENDO,4.0,1210.0
L2,C-FEPASA-50053,FEPASA,CONCEPCIÓN,1.0,5.0
L2,C-FEPASA-50053,FEPASA,Biobío,3.351,1021.0
L2,C-FEPASA-50053,FEPASA,Lomas Coloradas,11.026,1031.0
L2,C-FEPASA-50053,FEPASA,Lagunillas,23.804,1055.0
L1,C-FEPASA-50054,FEPASA,Laja,1.6,702.0
L1,C-FEPASA-50054,FEPASA,SAN ROSENDO,4.0,743.0
L1,C-FEPASA-50054,FEPASA,Buenuraqui,8.467,760.0
L1,C-FEPASA-50054,FEPASA,Gomero,15.324,772.0
L1,C-FEPASA-50054,FEPASA,Talcamávida,22.798,785.0
L1,C-FEPASA-50054,FEPASA,Unihue,29.397,795.0
L1,C-FEPASA-50054,FEPASA,Quilacoya,36.53,814.0
L1,C-FEPASA-50054,FEPASA,Hualqui,46.917,829.0
L1,C-FEPASA-50054,FEPASA,La Leonera,55.32,840.0
L1,C-FEPASA-50054,FEPASA,Chiguayante,60.31,866.0
L1,C-FEPASA-50054,FEPASA,CONCEPCIÓN,68.521,880.0
L1,C-FEPASA-50054,FEPASA,EL ARENAL,82.79,920.0
L2,C-FEPASA-50054,FEPASA,CONCEPCIÓN,1.0,880.0
L2,C-FEPASA-50054,FEPASA,Biobío,3.351,891.0
L2,C-FEPASA-50054,FEPASA,Boca Sur,7.439,897.0
L2,C-FEPASA-50054,FEPASA,Lomas Coloradas,11.026,903.0
L2,C-FEPASA-50054,FEPASA,Escuadrón,19.398,913.0
L2,C-FEPASA-50054,FEPASA,Lagunillas,23.804,920.0
L2,C-FEPASA-50054,FEPASA,CORONEL,27.355,927.0
L1,C-FEPASA-50055,FEPASA,SAN ROSENDO,4.0,45.0
L1,C-FEPASA-50055,FEPASA,Buenuraqui,8.467,67.0
L1,C-FEPASA-50055,FEPASA,Gomero,15.324,79.0
L1,C-FEPASA-50055,FEPASA,Talcamávida,22.798,90.0
L1,C-FEPASA-50055,FEPASA,Unihue,29.397,107.0
L1,C-FEPASA-50055,FEPASA,Quilacoya,36.53,117.0
L1,C-FEPASA-50055,FEPASA,Hualqui,46.917,194.0
L1,C-FEPASA-50055,FEPASA,La Leonera,55.32,221.0
L1,C-FEPASA-50055,FEPASA,Chiguayante,60.31,1366.0
L1,C-FEPASA-50055,FEPASA,CONCEPCIÓN,68.521,1381.0
L1,C-FEPASA-50056,FEPASA,Laja,1.6,1182.0
L1,C-FEPASA-50056,FEPASA,SAN ROSENDO,4.0,1190.0
L1,C-FEPASA-50056,FEPASA,Buenuraqui,8.467,1272.0
L1,C-FEPASA-50056,FEPASA,Gomero,15.324,1284.0
L1,C-FEPASA-50056,FEPASA,Talcamávida,22.798,1297.0
L1,C-FEPASA-50056,FEPASA,Unihue,29.397,1307.0
L1,C-FEPASA-50056,FEPASA,Quilacoya,36.53,1319.0
L1,C-FEPASA-50056,FEPASA,Hualqui,46.917,1342.0
L1,C-FEPASA-50056,FEPASA,La Leonera,55.32,1368.0
L1,C-FEPASA-50056,FEPASA,Chiguayante,60.31,1374.0
L1,C-FEPASA-50056,FEPASA,CONCEPCIÓN,68.521,1388.0
L1,C-FEPASA-50056,FEPASA,EL ARENAL,82.79,1413.0
L2,C-FEPASA-50056,FEPASA,CONCEPCIÓN,1.0,1388.0
L2,C-FEPASA-50056,FEPASA,Biobío,3.351,1398.0
L2,C-FEPASA-50056,FEPASA,Boca Sur,7.439,1403.0
L2,C-FEPASA-50056,FEPASA,Lomas Coloradas,11.026,1408.0
L2,C-FEPASA-50056,FEPASA,Escuadrón,19.398,1417.0
L2,C-FEPASA-50056,FEPASA,Lagunillas,23.804,1423.0
L2,C-FEPASA-50056,FEPASA,CORONEL,27.355,1429.0
L1,C-FEPASA-50057,FEPASA,CONCEPCIÓN,68.521,320.0
L1,C-FEPASA-50057,FEPASA,Laja,1.6,431.0
L2,C-FEPASA-50057,FEPASA,CONCEPCIÓN,1.0,320.0
L2,C-FEPASA-50057,FEPASA,Biobío,3.351,326.0
L2,C-FEPASA-50057,FEPASA,Boca Sur,7.439,332.0
L2,C-FEPASA-50057,FEPASA,Lomas Coloradas,11.026,341.0
L2,C-FEPASA-50057,FEPASA,Escuadrón,19.398,346.0
L2,C-FEPASA-50057,FEPASA,Lagunillas,23.804,351.0
L2,C-FEPASA-50057,FEPASA,CORONEL,27.355,361.0
L1,C-FEPASA-50083,FEPASA,Laja,1.6,273.0
L1,C-FEPASA-50083,FEPASA,SAN ROSENDO,4.0,294.0
L1,C-FEPASA-50083,FEPASA,Buenuraqui,8.467,313.0
L1,C-FEPASA-50083,FEPASA,Gomero,15.324,338.0
L1,C-FEPASA-50083,FEPASA,Talcamávida,22.798,372.0
L1,C-FEPASA-50083,FEPASA,Unihue,29.397,388.0
L1,C-FEPASA-50083,FEPASA,Hualqui,46.917,494.0
L1,C-FEPASA-50083,FEPASA,La Leonera,55.32,518.0
L1,C-FEPASA-50083,FEPASA,Chiguayante,60.31,548.0
L1,C-FEPASA-50083,FEPASA,CONCEPCIÓN,68.521,573.0
L1,C-FEPASA-50084,FEPASA,Laja,1.6,469.0
L1,C-FEPASA-50084,FEPASA,SAN ROSENDO,4.0,477.0
L1,C-FEPASA-50084,FEPASA,Buenuraqui,8.467,572.0
L1,C-FEPASA-50084,FEPASA,Gomero,15.324,584.0
L1,C-FEPASA-50084,FEPASA,Talcamávida,22.798,604.0
L1,C-FEPASA-50084,FEPASA,Unihue,29.397,614.0
L1,C-FEPASA-50084,FEPASA,Quilacoya,36.53,627.0
L1,C-FEPASA-50084,FEPASA,Hualqui,46.917,643.0
L1,C-FEPASA-50084,FEPASA,La Leonera,55.32,671.0
L1,C-FEPASA-50084,FEPASA,Chiguayante,60.31,703.0
L1,C-FEPASA-50084,FEPASA,CONCEPCIÓN,68.521,719.0
L1,C-FEPASA-50084,FEPASA,EL ARENAL,82.79,741.0
L1,C-FEPASA-50089,FEPASA,Chiguayante,60.31,0.0
L1,C-FEPASA-50089,FEPASA,SAN ROSENDO,4.0,1286.0
L1,C-FEPASA-50090,FEPASA,EL ARENAL,82.79,580.0
L1,C-FEPASA-50090,FEPASA,CONCEPCIÓN,68.521,600.0
L1,C-FEPASA-50090,FEPASA,Chiguayante,60.31,617.0
L1,C-FEPASA-50090,FEPASA,La Leonera,55.32,624.0
L1,C-FEPASA-50090,FEPASA,Hualqui,46.917,637.0
L1,C-FEPASA-50090,FEPASA,Quilacoya,36.53,661.0
L1,C-FEPASA-50090,FEPASA,Unihue,29.397,673.0
L1,C-FEPASA-50090,FEPASA,Talcamávida,22.798,683.0
L1,C-FEPASA-50090,FEPASA,Gomero,15.324,712.0
L1,C-FEPASA-50090,FEPASA,Buenuraqui,8.467,724.0
L1,C-FEPASA-50090,FEPASA,SAN ROSENDO,4.0,738.0
L1,C-FEPASA-50091,FEPASA,SAN ROSENDO,4.0,771.0
L1,C-FEPASA-50091,FEPASA,Buenuraqui,8.467,808.0
L1,C-FEPASA-50091,FEPASA,Gomero,15.324,824.0
L1,C-FEPASA-50091,FEPASA,Talcamávida,22.798,837.0
L1,C-FEPASA-50091,FEPASA,Unihue,29.397,847.0
L1,C-FEPASA-50091,FEPASA,EL ARENAL,82.79,862.0
L1,C-FEPASA-50092,FEPASA,CONCEPCIÓN,68.521,55.0
L1,C-FEPASA-50092,FEPASA,EL ARENAL,82.79,1415.0
L2,C-FEPASA-50092,FEPASA,BIOBÍO,3.351,44.0
L2,C-FEPASA-50092,FEPASA,CONCEPCIÓN,1.0,55.0
L1,C-FEPASA-50112,FEPASA,EL ARENAL,82.79,620.0
L1,C-FEPASA-50112,FEPASA,CONCEPCIÓN,68.521,638.0
L1,C-FEPASA-50112,FEPASA,Chiguayante,60.31,652.0
L1,C-FEPASA-50112,FEPASA,LA LEONERA,55.32,657.0
L1,C-FEPASA-50450,FEPASA,EL ARENAL,82.79,275.0
L1,C-FEPASA-50450,FEPASA,CONCEPCIÓN,68.521,293.0
L2,C-FEPASA-50450,FEPASA,CONCEPCIÓN,1.0,293.0
L2,C-FEPASA-50450,FEPASA,BIOBÍO,3.351,303.0
L1,C-FEPASA-50451,FEPASA,CONCEPCIÓN,68.521,791.0
L1,C-FEPASA-50451,FEPASA,EL ARENAL,82.79,818.0
L2,C-FEPASA-50451,FEPASA,BIOBÍO,3.351,775.0
L2,C-FEPASA-50451,FEPASA,CONCEPCIÓN,1.0,791.0
L1,C-FEPASA-50452,FEPASA,EL ARENAL,82.79,570.0
L1,C-FEPASA-50452,FEPASA,CONCEPCIÓN,68.521,588.0
L1,C-FEPASA-50452,FEPASA,Chiguayante,60.31,599.0
L1,C-FEPASA-50452,FEPASA,LA LEONERA,55.32,603.0
L1,C-FEPASA-50453,FEPASA,LA LEONERA,55.32,1080.0
L1,C-FEPASA-50453,FEPASA,Chiguayante,60.31,1096.0
L1,C-FEPASA-50453,FEPASA,EL ARENAL,82.79,1170.0
L1,C-FEPASA-50454,FEPASA,EL ARENAL,82.79,770.0
L1,C-FEPASA-50454,FEPASA,CONCEPCIÓN,68.521,788.0
L1,C-FEPASA-50454,FEPASA,Chiguayante,60.31,799.0
L1,C-FEPASA-50454,FEPASA,LA LEONERA,55.32,803.0
L1,C-FEPASA-50455,FEPASA,LA LEONERA,55.32,1345.0
L1,C-FEPASA-50455,FEPASA,Chiguayante,60.31,1361.0
L1,C-FEPASA-50455,FEPASA,EL ARENAL,82.79,1370.0
L1,C-FEPASA-50483,FEPASA,LA LEONERA,55.32,1230.0
L1,C-FEPASA-50483,FEPASA,Chiguayante,60.31,1246.0
L1,C-FEPASA-50483,FEPASA,CONCEPCIÓN,68.521,1278.0
L2,C-FEPASA-50483,FEPASA,CONCEPCIÓN,1.0,1278.0
L2,C-FEPASA-50483,FEPASA,Biobío,3.351,1295.0
L2,C-FEPASA-50483,FEPASA,Boca Sur,7.439,1300.0
L2,C-FEPASA-50483,FEPASA,Lomas Coloradas,11.026,1305.0
L2,C-FEPASA-50483,FEPASA,Lagunillas,23.804,1319.0
L2,C-FEPASA-50483,FEPASA,CORONEL,27.355,1335.0
L1,C-FEPASA-50484,FEPASA,LA LEONERA,55.32,681.0
L1,C-FEPASA-50484,FEPASA,Chiguayante,60.31,686.0
L1,C-FEPASA-50484,FEPASA,CONCEPCIÓN,68.521,702.0
L2,C-FEPASA-50484,FEPASA,CONCEPCIÓN,1.0,702.0
L2,C-FEPASA-50484,FEPASA,Biobío,3.351,722.0
L2,C-FEPASA-50484,FEPASA,Boca Sur,7.439,727.0
L2,C-FEPASA-50484,FEPASA,Lomas Coloradas,11.026,732.0
L2,C-FEPASA-50484,FEPASA,Escuadrón,19.398,742.0
L2,C-FEPASA-50484,FEPASA,Lagunillas,23.804,748.0
L2,C-FEPASA-50484,FEPASA,CORONEL,27.355,755.0
L1,C-FEPASA-50490,FEPASA,LA LEONERA,55.32,1415.0
L1,C-FEPASA-50490,FEPASA,Chiguayante,60.31,1421.0
L1,C-FEPASA-50490,FEPASA,CONCEPCIÓN,68.521,1437.0
L2,C-FEPASA-50490,FEPASA,Biobío,3.351,14.0
L2,C-FEPASA-50490,FEPASA,CONCEPCIÓN,1.0,1437.0
L1,C-FEPASA-50492,FEPASA,LA LEONERA,55.32,915.0
L1,C-FEPASA-50492,FEPASA,Chiguayante,60.31,921.0
L1,C-FEPASA-50492,FEPASA,CONCEPCIÓN,68.521,937.0
L2,C-FEPASA-50492,FEPASA,CONCEPCIÓN,1.0,937.0
L2,C-FEPASA-50492,FEPASA,Biobío,3.351,948.0
L2,C-FEPASA-50492,FEPASA,Boca Sur,7.439,953.0
L2,C-FEPASA-50492,FEPASA,Lomas Coloradas,11.026,958.0
L2,C-FEPASA-50492,FEPASA,Escuadrón,19.398,968.0
L2,C-FEPASA-50492,FEPASA,Lagunillas,23.804,974.0
L2,C-FEPASA-50492,FEPASA,CORONEL,27.355,981.0
L2,C-FEPASA-50511,FEPASA,CONCEPCIÓN,1.0,200.0
L2,C-FEPASA-50511,FEPASA,Biobío,3.351,211.0
L2,C-FEPASA-50511,FEPASA,Boca Sur,7.439,216.0
L2,C-FEPASA-50511,FEPASA,Lomas Coloradas,11.026,221.0
L2,C-FEPASA-50511,FEPASA,Escuadrón,19.398,231.0
L2,C-FEPASA-50511,FEPASA,Lagunillas,23.804,239.0
L2,C-FEPASA-50511,FEPASA,CORONEL,27.355,247.0
L2,C-FEPASA-50512,FEPASA,CONCEPCIÓN,1.0,705.0
L2,C-FEPASA-50512,FEPASA,Biobío,3.351,715.0
L2,C-FEPASA-50512,FEPASA,Lomas Coloradas,11.026,721.0
L2,C-FEPASA-50512,FEPASA,Escuadrón,19.398,728.0
L2,C-FEPASA-50512,FEPASA,Lagunillas,23.804,738.0
L2,C-FEPASA-50512,FEPASA,CORONEL,27.355,748.0
L1,C-FEPASA-50585,FEPASA,EL ARENAL,82.79,947.0
L1,C-FEPASA-50585,FEPASA,CONCEPCIÓN,68.521,968.0
L1,C-FEPASA-50585,FEPASA,Chiguayante,60.31,978.0
L1,C-FEPASA-50585,FEPASA,LA LEONERA,55.32,988.0
L1,C-FEPASA-50590,FEPASA,CONCEPCIÓN,68.521,373.0
L1,C-FEPASA-50590,FEPASA,EL ARENAL,82.79,393.0
L2,C-FEPASA-50590,FEPASA,BIOBÍO,3.351,5.0
L2,C-FEPASA-50590,FEPASA,CONCEPCIÓN,1.0,373.0
L2,C-FEPASA-50592,FEPASA,CORONEL,27.355,1400.0
L2,C-FEPASA-50592,FEPASA,Lagunillas,23.804,1406.0
L2,C-FEPASA-50592,FEPASA,Escuadrón,19.398,1413.0
L2,C-FEPASA-50592,FEPASA,Lomas Coloradas,11.026,1423.0
L2,C-FEPASA-50592,FEPASA,Boca Sur,7.439,1428.0
L2,C-FEPASA-50592,FEPASA,BIOBÍO,3.351,1433.0
L1,C-FEPASA-50602,FEPASA,CONCEPCIÓN,68.521,167.0
L1,C-FEPASA-50602,FEPASA,EL ARENAL,82.79,187.0
L2,C-FEPASA-50602,FEPASA,Lota,36.604,90.0
L2,C-FEPASA-50602,FEPASA,CORONEL,27.355,124.0
L2,C-FEPASA-50602,FEPASA,Lagunillas,23.804,130.0
L2,C-FEPASA-50602,FEPASA,Escuadrón,19.398,137.0
L2,C-FEPASA-50602,FEPASA,Lomas Coloradas,11.026,147.0
L2,C-FEPASA-50602,FEPASA,Boca Sur,7.439,152.0
L2,C-FEPASA-50602,FEPASA,Biobío,3.351,157.0
L2,C-FEPASA-50602,FEPASA,CONCEPCIÓN,1.0,167.0
L1,C-FEPASA-50604,FEPASA,CONCEPCIÓN,68.521,312.0
L1,C-FEPASA-50604,FEPASA,EL ARENAL,82.79,332.0
L2,C-FEPASA-50604,FEPASA,Lota,36.604,235.0
L2,C-FEPASA-50604,FEPASA,CORONEL,27.355,269.0
L2,C-FEPASA-50604,FEPASA,Lagunillas,23.804,275.0
L2,C-FEPASA-50604,FEPASA,Escuadrón,19.398,282.0
L2,C-FEPASA-50604,FEPASA,Lomas Coloradas,11.026,292.0
L2,C-FEPASA-50604,FEPASA,Boca Sur,7.439,297.0
L2,C-FEPASA-50604,FEPASA,Biobío,3.351,302.0
L2,C-FEPASA-50604,FEPASA,CONCEPCIÓN,1.0,312.0
L1,C-FEPASA-50606,FEPASA,CONCEPCIÓN,68.521,959.0
L1,C-FEPASA-50606,FEPASA,EL ARENAL,82.79,979.0
L2,C-FEPASA-50606,FEPASA,Lota,36.604,792.0
L2,C-FEPASA-50606,FEPASA,CORONEL,27.355,916.0
L2,C-FEPASA-50606,FEPASA,Lagunillas,23.804,922.0
L2,C-FEPASA-50606,FEPASA,Escuadrón,19.398,929.0
L2,C-FEPASA-50606,FEPASA,Lomas Coloradas,11.026,939.0
L2,C-FEPASA-50606,FEPASA,Boca Sur,7.439,944.0
L2,C-FEPASA-50606,FEPASA,Biobío,3.351,949.0
L2,C-FEPASA-50606,FEPASA,CONCEPCIÓN,1.0,959.0
L1,C-FEPASA-50607,FEPASA,EL ARENAL,82.79,590.0
L1,C-FEPASA-50607,FEPASA,CONCEPCIÓN,68.521,610.0
L2,C-FEPASA-50607,FEPASA,CONCEPCIÓN,1.0,610.0
L2,C-FEPASA-50607,FEPASA,Biobío,3.351,620.0
L2,C-FEPASA-50607,FEPASA,Boca Sur,7.439,625.0
L2,C-FEPASA-50607,FEPASA,Lomas Coloradas,11.026,630.0
L2,C-FEPASA-50607,FEPASA,Escuadrón,19.398,640.0
L2,C-FEPASA-50607,FEPASA,Lagunillas,23.804,646.0
L2,C-FEPASA-50607,FEPASA,CORONEL,27.355,653.0
L2,C-FEPASA-50607,FEPASA,Lota,36.604,683.0
L1,C-FEPASA-50608,FEPASA,EL ARENAL,82.79,862.0
L1,C-FEPASA-50608,FEPASA,CONCEPCIÓN,68.521,880.0
L2,C-FEPASA-50608,FEPASA,CONCEPCIÓN,1.0,880.0
L2,C-FEPASA-50608,FEPASA,Boca Sur,7.439,922.0
L2,C-FEPASA-50608,FEPASA,Lomas Coloradas,11.026,942.0
L2,C-FEPASA-50608,FEPASA,Lagunillas,23.804,952.0
L2,C-FEPASA-50608,FEPASA,CORONEL,27.355,958.0
L2,C-FEPASA-50608,FEPASA,Lota,36.604,980.0
L1,C-FEPASA-50631,FEPASA,EL ARENAL,82.79,626.0
L1,C-FEPASA-50631,FEPASA,CONCEPCIÓN,68.521,646.0
L2,C-FEPASA-50631,FEPASA,CONCEPCIÓN,1.0,646.0
L2,C-FEPASA-50631,FEPASA,Biobío,3.351,656.0
L2,C-FEPASA-50631,FEPASA,Boca Sur,7.439,661.0
L2,C-FEPASA-50631,FEPASA,Lomas Coloradas,11.026,666.0
L2,C-FEPASA-50631,FEPASA,Escuadrón,19.398,676.0
L2,C-FEPASA-50631,FEPASA,Lagunillas,23.804,682.0
L2,C-FEPASA-50631,FEPASA,CORONEL,27.355,689.0
L2,C-FEPASA-50631,FEPASA,Lota,36.604,718.0
L1,C-FEPASA-50633,FEPASA,EL ARENAL,82.79,833.0
L1,C-FEPASA-50633,FEPASA,CONCEPCIÓN,68.521,853.0
L2,C-FEPASA-50633,FEPASA,CONCEPCIÓN,1.0,853.0
L2,C-FEPASA-50633,FEPASA,Biobío,3.351,863.0
L2,C-FEPASA-50633,FEPASA,Boca Sur,7.439,868.0
L2,C-FEPASA-50633,FEPASA,Lomas Coloradas,11.026,873.0
L2,C-FEPASA-50633,FEPASA,Escuadrón,19.398,883.0
L2,C-FEPASA-50633,FEPASA,Lagunillas,23.804,889.0
L2,C-FEPASA-50633,FEPASA,CORONEL,27.355,896.0
L2,C-FEPASA-50633,FEPASA,Lota,36.604,970.0
L2,C-FEPASA-50634,FEPASA,Lota,36.604,210.0
L2,C-FEPASA-50634,FEPASA,CORONEL,27.355,244.0
L2,C-FEPASA-50634,FEPASA,Lagunillas,23.804,250.0
L2,C-FEPASA-50634,FEPASA,Escuadrón,19.398,257.0
L2,C-FEPASA-50634,FEPASA,Lomas Coloradas,11.026,267.0
L2,C-FEPASA-50634,FEPASA,Boca Sur,7.439,272.0
L2,C-FEPASA-50634,FEPASA,Biobío,3.351,277.0
L2,C-FEPASA-50634,FEPASA,CONCEPCIÓN,1.0,287.0
L1,C-FEPASA-50635,FEPASA,EL ARENAL,82.79,1302.0
L1,C-FEPASA-50635,FEPASA,CONCEPCIÓN,68.521,1322.0
L2,C-FEPASA-50635,FEPASA,CONCEPCIÓN,1.0,1322.0
L2,C-FEPASA-50635,FEPASA,Biobío,3.351,1332.0
L2,C-FEPASA-50635,FEPASA,Boca Sur,7.439,1337.0
L2,C-FEPASA-50635,FEPASA,Lomas Coloradas,11.026,1342.0
L2,C-FEPASA-50635,FEPASA,Escuadrón,19.398,1352.0
L2,C-FEPASA-50635,FEPASA,Lagunillas,23.804,1358.0
L2,C-FEPASA-50635,FEPASA,CORONEL,27.355,1365.0
L2,C-FEPASA-50635,FEPASA,Lota,36.604,1399.0
L1,C-FEPASA-50740,FEPASA,EL ARENAL,82.79,30.0
L1,C-FEPASA-50740,FEPASA,CONCEPCIÓN,68.521,50.0
L1,C-TRANSAP-60510,TRANSAP,CONCEPCIÓN,68.521,673.0
L1,C-TRANSAP-60510,TRANSAP,Chiguayante,60.31,704.0
L1,C-TRANSAP-60510,TRANSAP,La Leonera,55.32,709.0
L1,C-TRANSAP-60510,TRANSAP,Hualqui,46.917,720.0
L1,C-TRANSAP-60510,TRANSAP,Quilacoya,36.53,752.0
L1,C-TRANSAP-60510,TRANSAP,Unihue,29.397,764.0
L1,C-TRANSAP-60510,TRANSAP,Talcamávida,22.798,774.0
L1,C-TRANSAP-60510,TRANSAP,Gomero,15.324,797.0
L1,C-TRANSAP-60510,TRANSAP,Buenuraqui,8.467,808.0
L1,C-TRANSAP-60510,TRANSAP,SAN ROSENDO,4.0,825.0
L1,C-TRANSAP-60510,TRANSAP,LAJA,1.6,835.0
L2,C-TRANSAP-60510,TRANSAP,Lota,36.604,600.0
L2,C-TRANSAP-60510,TRANSAP,CORONEL,27.355,630.0
L2,C-TRANSAP-60510,TRANSAP,Lagunillas,23.804,636.0
L2,C-TRANSAP-60510,TRANSAP,Escuadrón,19.398,642.0
L2,C-TRANSAP-60510,TRANSAP,Lomas Coloradas,11.026,651.0
L2,C-TRANSAP-60510,TRANSAP,Boca Sur,7.439,656.0
L2,C-TRANSAP-60510,TRANSAP,Biobío,3.351,661.0
L2,C-TRANSAP-60510,TRANSAP,CONCEPCIÓN,1.0,673.0
L1,C-TRANSAP-60511,TRANSAP,Hualqui,46.917,6.0
L1,C-TRANSAP-60511,TRANSAP,LAJA,1.6,1320.0
L2,C-TRANSAP-60511,TRANSAP,CONCEPCIÓN,1.0,36.0
L2,C-TRANSAP-60511,TRANSAP,Biobío,3.351,48.0
L2,C-TRANSAP-60511,TRANSAP,Boca Sur,7.439,53.0
L2,C-TRANSAP-60511,TRANSAP,Lomas Coloradas,11.026,58.0
L2,C-TRANSAP-60511,TRANSAP,Escuadrón,19.398,67.0
L2,C-TRANSAP-60511,TRANSAP,Lagunillas,23.804,73.0
L2,C-TRANSAP-60511,TRANSAP,CORONEL,27.355,79.0
L2,C-TRANSAP-60511,TRANSAP,Lota,36.604,140.0
L1,C-TRANSAP-60512,TRANSAP,Unihue,29.397,3.0
L1,C-TRANSAP-60512,TRANSAP,CONCEPCIÓN,68.521,1383.0
L2,C-TRANSAP-60512,TRANSAP,Lota,36.604,1310.0
L2,C-TRANSAP-60512,TRANSAP,CORONEL,27.355,1340.0
L2,C-TRANSAP-60512,TRANSAP,Lagunillas,23.804,1346.0
L2,C-TRANSAP-60512,TRANSAP,Escuadrón,19.398,1352.0
L2,C-TRANSAP-60512,TRANSAP,Lomas Coloradas,11.026,1361.0
L2,C-TRANSAP-60512,TRANSAP,Boca Sur,7.439,1366.0
L2,C-TRANSAP-60512,TRANSAP,Biobío,3.351,1371.0
L2,C-TRANSAP-60512,TRANSAP,CONCEPCIÓN,1.0,1383.0
L1,C-TRANSAP-60513,TRANSAP,LAJA,1.6,585.0
L1,C-TRANSAP-60513,TRANSAP,SAN ROSENDO,4.0,593.0
L1,C-TRANSAP-60513,TRANSAP,Buenuraqui,8.467,632.0
L1,C-TRANSAP-60513,TRANSAP,Gomero,15.324,644.0
L1,C-TRANSAP-60513,TRANSAP,Talcamávida,22.798,657.0
L1,C-TRANSAP-60513,TRANSAP,Unihue,29.397,667.0
L1,C-TRANSAP-60513,TRANSAP,Quilacoya,36.53,697.0
L1,C-TRANSAP-60513,TRANSAP,Hualqui,46.917,712.0
L1,C-TRANSAP-60513,TRANSAP,La Leonera,55.32,732.0
L1,C-TRANSAP-60513,TRANSAP,Chiguayante,60.31,737.0
L1,C-TRANSAP-60513,TRANSAP,CONCEPCIÓN,68.521,751.0
L2,C-TRANSAP-60513,TRANSAP,CONCEPCIÓN,1.0,751.0
L2,C-TRANSAP-60513,TRANSAP,Biobío,3.351,763.0
L2,C-TRANSAP-60513,TRANSAP,Boca Sur,7.439,768.0
L2,C-TRANSAP-60513,TRANSAP,Lomas Coloradas,11.026,773.0
L2,C-TRANSAP-60513,TRANSAP,Escuadrón,19.398,782.0
L2,C-TRANSAP-60513,TRANSAP,Lagunillas,23.804,788.0
L2,C-TRANSAP-60513,TRANSAP,CORONEL,27.355,794.0
L2,C-TRANSAP-60513,TRANSAP,Lota,36.604,840.0
L1,C-TRANSAP-60520,TRANSAP,LAJA,1.6,1285.0
L1,C-TRANSAP-60520,TRANSAP,SAN ROSENDO,4.0,1293.0
L1,C-TRANSAP-60521,TRANSAP,SAN ROSENDO,4.0,833.0
L1,C-TRANSAP-60521,TRANSAP,LAJA,1.6,841.0
L1,C-TRANSAP-60522,TRANSAP,LAJA,1.6,590.0
L1,C-TRANSAP-60522,TRANSAP,SAN ROSENDO,4.0,598.0
L1,C-TRANSAP-60523,TRANSAP,SAN ROSENDO,4.0,143.0
L1,C-TRANSAP-60523,TRANSAP,LAJA,1.6,151.0
