linea,tren_id,sentido,unidad,dist_km,hora_min
L2,L2-CC->CW-20281,CC->CW,SFE 3,0.0,330.0
L2,L2-CC->CW-20281,CC->CW,SFE 3,2.0,333.22
L2,L2-CC->CW-20281,CC->CW,SFE 3,3.838,336.17
L2,L2-CC->CW-20281,CC->CW,SFE 3,5.569,338.92
L2,L2-CC->CW-20281,CC->CW,SFE 3,7.442,341.75
L2,L2-CC->CW-20281,CC->CW,SFE 3,8.339,343.75
L2,L2-CC->CW-20281,CC->CW,SFE 3,9.614,346.33
L2,L2-CC->CW-20281,CC->CW,SFE 3,10.983,349.25
L2,L2-CC->CW-20281,CC->CW,SFE 3,13.151,352.17
L2,L2-CC->CW-20281,CC->CW,SFE 3,18.048,358.33
L2,L2-CC->CW-20281,CC->CW,SFE 3,21.125,362.33
L2,L2-CC->CW-20281,CC->CW,SFE 3,22.524,364.33
L2,L2-CC->CW-20281,CC->CW,SFE 3,24.203,366.67
L2,L2-CC->CW-20281,CC->CW,SFE 3,26.302,369.5
L2,L2-CC->CW-20281,CC->CW,SFE 3,28.4,372.0
L2,L2-CW->CC-20281,CW->CC,,28.4,369.0
L2,L2-CW->CC-20281,CW->CC,,26.302,371.75
L2,L2-CW->CC-20281,CW->CC,,24.203,374.5
L2,L2-CW->CC-20281,CW->CC,,22.524,376.83
L2,L2-CW->CC-20281,CW->CC,,21.125,378.83
L2,L2-CW->CC-20281,CW->CC,,18.048,382.83
L2,L2-CW->CC-20281,CW->CC,,13.151,389.0
L2,L2-CW->CC-20281,CW->CC,,10.983,392.08
L2,L2-CW->CC-20281,CW->CC,,9.614,394.83
L2,L2-CW->CC-20281,CW->CC,,8.339,397.5
L2,L2-CW->CC-20281,CW->CC,,7.442,399.5
L2,L2-CW->CC-20281,CW->CC,,5.569,402.33
L2,L2-CW->CC-20281,CW->CC,,3.838,405.25
L2,L2-CW->CC-20281,CW->CC,,2.0,408.0
L2,L2-CW->CC-20281,CW->CC,,0.0,411.0
L2,L2-CC->CW-20001,CC->CW,SFE 1,0.0,405.0
L2,L2-CC->CW-20001,CC->CW,SFE 1,0.0,412.5
L2,L2-CC->CW-20001,CC->CW,SFE 1,2.0,415.72
L2,L2-CC->CW-20001,CC->CW,SFE 1,3.838,418.67
L2,L2-CC->CW-20001,CC->CW,SFE 1,5.569,421.42
L2,L2-CC->CW-20001,CC->CW,SFE 1,7.442,424.25
L2,L2-CC->CW-20001,CC->CW,SFE 1,8.339,426.25
L2,L2-CC->CW-20001,CC->CW,SFE 1,9.614,428.83
L2,L2-CC->CW-20001,CC->CW,SFE 1,10.983,431.75
L2,L2-CC->CW-20001,CC->CW,SFE 1,13.151,434.67
L2,L2-CC->CW-20001,CC->CW,SFE 1,18.048,440.83
L2,L2-CC->CW-20001,CC->CW,SFE 1,21.125,444.83
L2,L2-CC->CW-20001,CC->CW,SFE 1,22.524,446.83
L2,L2-CC->CW-20001,CC->CW,SFE 1,24.203,449.17
L2,L2-CC->CW-20001,CC->CW,SFE 1,26.302,452.0
L2,L2-CC->CW-20001,CC->CW,SFE 1,28.4,454.5
L2,L2-CW->CC-20283,CW->CC,,28.4,409.0
L2,L2-CW->CC-20283,CW->CC,,26.302,411.75
L2,L2-CW->CC-20283,CW->CC,,24.203,414.5
L2,L2-CW->CC-20283,CW->CC,,22.524,416.83
L2,L2-CW->CC-20283,CW->CC,,21.125,418.83
L2,L2-CW->CC-20283,CW->CC,,18.048,422.83
L2,L2-CW->CC-20283,CW->CC,,13.151,429.0
L2,L2-CW->CC-20283,CW->CC,,10.983,432.08
L2,L2-CW->CC-20283,CW->CC,,9.614,434.83
L2,L2-CW->CC-20283,CW->CC,,8.339,437.5
L2,L2-CW->CC-20283,CW->CC,,7.442,439.5
L2,L2-CW->CC-20283,CW->CC,,5.569,442.33
L2,L2-CW->CC-20283,CW->CC,,3.838,445.25
L2,L2-CW->CC-20283,CW->CC,,2.0,448.0
L2,L2-CW->CC-20283,CW->CC,,0.0,451.0
L2,L2-CC->CW-20003,CC->CW,SFE 2,0.0,417.0
L2,L2-CC->CW-20003,CC->CW,SFE 2,0.0,417.22
L2,L2-CC->CW-20003,CC->CW,SFE 2,2.0,420.43
L2,L2-CC->CW-20003,CC->CW,SFE 2,3.838,423.39
L2,L2-CC->CW-20003,CC->CW,SFE 2,5.569,426.14
L2,L2-CC->CW-20003,CC->CW,SFE 2,7.442,428.97
L2,L2-CC->CW-20003,CC->CW,SFE 2,8.339,430.97
L2,L2-CC->CW-20003,CC->CW,SFE 2,9.614,433.55
L2,L2-CC->CW-20003,CC->CW,SFE 2,10.983,436.47
L2,L2-CC->CW-20003,CC->CW,SFE 2,13.151,439.39
L2,L2-CC->CW-20003,CC->CW,SFE 2,18.048,445.55
L2,L2-CC->CW-20003,CC->CW,SFE 2,21.125,449.55
L2,L2-CC->CW-20003,CC->CW,SFE 2,22.524,451.55
L2,L2-CC->CW-20003,CC->CW,SFE 2,24.203,453.89
L2,L2-CC->CW-20003,CC->CW,SFE 2,26.302,456.72
L2,L2-CC->CW-20003,CC->CW,SFE 2,28.4,459.22
L2,L2-CC->CW-20005,CC->CW,SFE 3,0.0,433.0
L2,L2-CC->CW-20005,CC->CW,SFE 3,2.0,436.22
L2,L2-CC->CW-20005,CC->CW,SFE 3,3.838,439.17
L2,L2-CC->CW-20005,CC->CW,SFE 3,5.569,441.92
L2,L2-CC->CW-20005,CC->CW,SFE 3,7.442,444.75
L2,L2-CC->CW-20005,CC->CW,SFE 3,8.339,446.75
L2,L2-CC->CW-20005,CC->CW,SFE 3,9.614,449.33
L2,L2-CC->CW-20005,CC->CW,SFE 3,10.983,452.25
L2,L2-CC->CW-20005,CC->CW,SFE 3,13.151,455.17
L2,L2-CC->CW-20005,CC->CW,SFE 3,18.048,461.33
L2,L2-CC->CW-20005,CC->CW,SFE 3,21.125,465.33
L2,L2-CC->CW-20005,CC->CW,SFE 3,22.524,467.33
L2,L2-CC->CW-20005,CC->CW,SFE 3,24.203,469.67
L2,L2-CC->CW-20005,CC->CW,SFE 3,26.302,472.5
L2,L2-CC->CW-20005,CC->CW,SFE 3,28.4,475.0
L2,L2-CW->CC-20285,CW->CC,,28.4,437.0
L2,L2-CW->CC-20285,CW->CC,,26.302,439.75
L2,L2-CW->CC-20285,CW->CC,,24.203,442.5
L2,L2-CW->CC-20285,CW->CC,,22.524,444.83
L2,L2-CW->CC-20285,CW->CC,,21.125,446.83
L2,L2-CW->CC-20285,CW->CC,,18.048,450.83
L2,L2-CW->CC-20285,CW->CC,,13.151,457.0
L2,L2-CW->CC-20285,CW->CC,,10.983,460.08
L2,L2-CW->CC-20285,CW->CC,,9.614,462.83
L2,L2-CW->CC-20285,CW->CC,,8.339,465.5
L2,L2-CW->CC-20285,CW->CC,,7.442,467.5
L2,L2-CW->CC-20285,CW->CC,,5.569,470.33
L2,L2-CW->CC-20285,CW->CC,,3.838,473.25
L2,L2-CW->CC-20285,CW->CC,,2.0,476.0
L2,L2-CW->CC-20285,CW->CC,,0.0,479.0
L2,L2-CC->CW-20009,CC->CW,SFE 5,0.0,445.0
L2,L2-CC->CW-20009,CC->CW,SFE 5,0.0,452.5
L2,L2-CC->CW-20009,CC->CW,SFE 5,2.0,455.72
L2,L2-CC->CW-20009,CC->CW,SFE 5,3.838,458.67
L2,L2-CC->CW-20009,CC->CW,SFE 5,5.569,461.42
L2,L2-CC->CW-20009,CC->CW,SFE 5,7.442,464.25
L2,L2-CC->CW-20009,CC->CW,SFE 5,8.339,466.25
L2,L2-CC->CW-20009,CC->CW,SFE 5,9.614,468.83
L2,L2-CC->CW-20009,CC->CW,SFE 5,10.983,471.75
L2,L2-CC->CW-20009,CC->CW,SFE 5,13.151,474.67
L2,L2-CC->CW-20009,CC->CW,SFE 5,18.048,480.83
L2,L2-CC->CW-20009,CC->CW,SFE 5,21.125,484.83
L2,L2-CC->CW-20009,CC->CW,SFE 5,22.524,486.83
L2,L2-CC->CW-20009,CC->CW,SFE 5,24.203,489.17
L2,L2-CC->CW-20009,CC->CW,SFE 5,26.302,492.0
L2,L2-CC->CW-20009,CC->CW,SFE 5,28.4,494.5
L2,L2-CC->CW-20011,CC->CW,SFE 6,0.0,462.0
L2,L2-CC->CW-20011,CC->CW,SFE 6,2.0,465.22
L2,L2-CC->CW-20011,CC->CW,SFE 6,3.838,468.17
L2,L2-CC->CW-20011,CC->CW,SFE 6,5.569,470.92
L2,L2-CC->CW-20011,CC->CW,SFE 6,7.442,473.75
L2,L2-CC->CW-20011,CC->CW,SFE 6,8.339,475.75
L2,L2-CC->CW-20011,CC->CW,SFE 6,9.614,478.33
L2,L2-CC->CW-20011,CC->CW,SFE 6,10.983,481.25
L2,L2-CC->CW-20011,CC->CW,SFE 6,13.151,484.17
L2,L2-CC->CW-20011,CC->CW,SFE 6,18.048,490.33
L2,L2-CC->CW-20011,CC->CW,SFE 6,21.125,494.33
L2,L2-CC->CW-20011,CC->CW,SFE 6,22.524,496.33
L2,L2-CC->CW-20011,CC->CW,SFE 6,24.203,498.67
L2,L2-CC->CW-20011,CC->CW,SFE 6,26.302,501.5
L2,L2-CC->CW-20011,CC->CW,SFE 6,28.4,504.0
L2,L2-CC->CW-20015,CC->CW,SFE 8,0.0,474.0
L2,L2-CC->CW-20015,CC->CW,SFE 8,0.0,480.5
L2,L2-CC->CW-20015,CC->CW,SFE 8,2.0,483.72
L2,L2-CC->CW-20015,CC->CW,SFE 8,3.838,486.67
L2,L2-CC->CW-20015,CC->CW,SFE 8,5.569,489.42
L2,L2-CC->CW-20015,CC->CW,SFE 8,7.442,492.25
L2,L2-CC->CW-20015,CC->CW,SFE 8,8.339,494.25
L2,L2-CC->CW-20015,CC->CW,SFE 8,9.614,496.83
L2,L2-CC->CW-20015,CC->CW,SFE 8,10.983,499.75
L2,L2-CC->CW-20015,CC->CW,SFE 8,13.151,502.67
L2,L2-CC->CW-20015,CC->CW,SFE 8,18.048,508.83
L2,L2-CC->CW-20015,CC->CW,SFE 8,21.125,512.83
L2,L2-CC->CW-20015,CC->CW,SFE 8,22.524,514.83
L2,L2-CC->CW-20015,CC->CW,SFE 8,24.203,517.17
L2,L2-CC->CW-20015,CC->CW,SFE 8,26.302,520.0
L2,L2-CC->CW-20015,CC->CW,SFE 8,28.4,522.5
L2,L2-CC->CW-20017,CC->CW,SFE 9,0.0,497.0
L2,L2-CC->CW-20017,CC->CW,SFE 9,2.0,500.22
L2,L2-CC->CW-20017,CC->CW,SFE 9,3.838,503.17
L2,L2-CC->CW-20017,CC->CW,SFE 9,5.569,505.92
L2,L2-CC->CW-20017,CC->CW,SFE 9,7.442,508.75
L2,L2-CC->CW-20017,CC->CW,SFE 9,8.339,510.75
L2,L2-CC->CW-20017,CC->CW,SFE 9,9.614,513.33
L2,L2-CC->CW-20017,CC->CW,SFE 9,10.983,516.25
L2,L2-CC->CW-20017,CC->CW,SFE 9,13.151,519.17
L2,L2-CC->CW-20017,CC->CW,SFE 9,18.048,525.33
L2,L2-CC->CW-20017,CC->CW,SFE 9,21.125,529.33
L2,L2-CC->CW-20017,CC->CW,SFE 9,22.524,531.33
L2,L2-CC->CW-20017,CC->CW,SFE 9,24.203,533.67
L2,L2-CC->CW-20017,CC->CW,SFE 9,26.302,536.5
L2,L2-CC->CW-20017,CC->CW,SFE 9,28.4,539.0
L2,L2-CW->CC-20028,CW->CC,SFE 5,28.4,498.0
L2,L2-CW->CC-20028,CW->CC,SFE 5,26.302,500.75
L2,L2-CW->CC-20028,CW->CC,SFE 5,24.203,503.5
L2,L2-CW->CC-20028,CW->CC,SFE 5,22.524,505.83
L2,L2-CW->CC-20028,CW->CC,SFE 5,21.125,507.83
L2,L2-CW->CC-20028,CW->CC,SFE 5,18.048,511.83
L2,L2-CW->CC-20028,CW->CC,SFE 5,13.151,518.0
L2,L2-CW->CC-20028,CW->CC,SFE 5,10.983,521.08
L2,L2-CW->CC-20028,CW->CC,SFE 5,9.614,523.83
L2,L2-CW->CC-20028,CW->CC,SFE 5,8.339,526.5
L2,L2-CW->CC-20028,CW->CC,SFE 5,7.442,528.5
L2,L2-CW->CC-20028,CW->CC,SFE 5,5.569,531.33
L2,L2-CW->CC-20028,CW->CC,SFE 5,3.838,534.25
L2,L2-CW->CC-20028,CW->CC,SFE 5,2.0,537.0
L2,L2-CW->CC-20028,CW->CC,SFE 5,0.0,540.0
L2,L2-CC->CW-20023,CC->CW,SFE 1,0.0,508.0
L2,L2-CC->CW-20023,CC->CW,SFE 1,2.0,511.22
L2,L2-CC->CW-20023,CC->CW,SFE 1,3.838,514.17
L2,L2-CC->CW-20023,CC->CW,SFE 1,5.569,516.92
L2,L2-CC->CW-20023,CC->CW,SFE 1,7.442,519.75
L2,L2-CC->CW-20023,CC->CW,SFE 1,8.339,521.75
L2,L2-CC->CW-20023,CC->CW,SFE 1,9.614,524.33
L2,L2-CC->CW-20023,CC->CW,SFE 1,10.983,527.25
L2,L2-CC->CW-20023,CC->CW,SFE 1,13.151,530.17
L2,L2-CC->CW-20023,CC->CW,SFE 1,18.048,536.33
L2,L2-CC->CW-20023,CC->CW,SFE 1,21.125,540.33
L2,L2-CC->CW-20023,CC->CW,SFE 1,22.524,542.33
L2,L2-CC->CW-20023,CC->CW,SFE 1,24.203,544.67
L2,L2-CC->CW-20023,CC->CW,SFE 1,26.302,547.5
L2,L2-CC->CW-20023,CC->CW,SFE 1,28.4,550.0
L2,L2-CW->CC-20030,CW->CC,SFE 6,28.4,510.0
L2,L2-CW->CC-20030,CW->CC,SFE 6,26.302,512.75
L2,L2-CW->CC-20030,CW->CC,SFE 6,24.203,515.5
L2,L2-CW->CC-20030,CW->CC,SFE 6,22.524,517.83
L2,L2-CW->CC-20030,CW->CC,SFE 6,21.125,519.83
L2,L2-CW->CC-20030,CW->CC,SFE 6,18.048,523.83
L2,L2-CW->CC-20030,CW->CC,SFE 6,13.151,530.0
L2,L2-CW->CC-20030,CW->CC,SFE 6,10.983,533.08
L2,L2-CW->CC-20030,CW->CC,SFE 6,9.614,535.83
L2,L2-CW->CC-20030,CW->CC,SFE 6,8.339,538.5
L2,L2-CW->CC-20030,CW->CC,SFE 6,7.442,540.5
L2,L2-CW->CC-20030,CW->CC,SFE 6,5.569,543.33
L2,L2-CW->CC-20030,CW->CC,SFE 6,3.838,546.25
L2,L2-CW->CC-20030,CW->CC,SFE 6,2.0,549.0
L2,L2-CW->CC-20030,CW->CC,SFE 6,0.0,552.0
L2,L2-CC->CW-20025,CC->CW,SFE 2,0.0,519.0
L2,L2-CC->CW-20025,CC->CW,SFE 2,2.0,522.22
L2,L2-CC->CW-20025,CC->CW,SFE 2,3.838,525.17
L2,L2-CC->CW-20025,CC->CW,SFE 2,5.569,527.92
L2,L2-CC->CW-20025,CC->CW,SFE 2,7.442,530.75
L2,L2-CC->CW-20025,CC->CW,SFE 2,8.339,532.75
L2,L2-CC->CW-20025,CC->CW,SFE 2,9.614,535.33
L2,L2-CC->CW-20025,CC->CW,SFE 2,10.983,538.25
L2,L2-CC->CW-20025,CC->CW,SFE 2,13.151,541.17
L2,L2-CC->CW-20025,CC->CW,SFE 2,18.048,547.33
L2,L2-CC->CW-20025,CC->CW,SFE 2,21.125,551.33
L2,L2-CC->CW-20025,CC->CW,SFE 2,22.524,553.33
L2,L2-CC->CW-20025,CC->CW,SFE 2,24.203,555.67
L2,L2-CC->CW-20025,CC->CW,SFE 2,26.302,558.5
L2,L2-CC->CW-20025,CC->CW,SFE 2,28.4,561.0
L2,L2-CW->CC-20032,CW->CC,SFE 8,28.4,525.0
L2,L2-CW->CC-20032,CW->CC,SFE 8,26.302,527.75
L2,L2-CW->CC-20032,CW->CC,SFE 8,24.203,530.5
L2,L2-CW->CC-20032,CW->CC,SFE 8,22.524,532.83
L2,L2-CW->CC-20032,CW->CC,SFE 8,21.125,534.83
L2,L2-CW->CC-20032,CW->CC,SFE 8,18.048,538.83
L2,L2-CW->CC-20032,CW->CC,SFE 8,13.151,545.0
L2,L2-CW->CC-20032,CW->CC,SFE 8,10.983,548.08
L2,L2-CW->CC-20032,CW->CC,SFE 8,9.614,550.83
L2,L2-CW->CC-20032,CW->CC,SFE 8,8.339,553.5
L2,L2-CW->CC-20032,CW->CC,SFE 8,7.442,555.5
L2,L2-CW->CC-20032,CW->CC,SFE 8,5.569,558.33
L2,L2-CW->CC-20032,CW->CC,SFE 8,3.838,561.25
L2,L2-CW->CC-20032,CW->CC,SFE 8,2.0,564.0
L2,L2-CW->CC-20032,CW->CC,SFE 8,0.0,567.0
L2,L2-CC->CW-20027,CC->CW,SFE 3,0.0,531.0
L2,L2-CC->CW-20027,CC->CW,SFE 3,2.0,534.22
L2,L2-CC->CW-20027,CC->CW,SFE 3,3.838,537.17
L2,L2-CC->CW-20027,CC->CW,SFE 3,5.569,539.92
L2,L2-CC->CW-20027,CC->CW,SFE 3,7.442,542.75
L2,L2-CC->CW-20027,CC->CW,SFE 3,8.339,544.75
L2,L2-CC->CW-20027,CC->CW,SFE 3,9.614,547.33
L2,L2-CC->CW-20027,CC->CW,SFE 3,10.983,550.25
L2,L2-CC->CW-20027,CC->CW,SFE 3,13.151,553.17
L2,L2-CC->CW-20027,CC->CW,SFE 3,18.048,559.33
L2,L2-CC->CW-20027,CC->CW,SFE 3,21.125,563.33
L2,L2-CC->CW-20027,CC->CW,SFE 3,22.524,565.33
L2,L2-CC->CW-20027,CC->CW,SFE 3,24.203,567.67
L2,L2-CC->CW-20027,CC->CW,SFE 3,26.302,570.5
L2,L2-CC->CW-20027,CC->CW,SFE 3,28.4,573.0
L2,L2-CW->CC-20034,CW->CC,SFE 9,28.4,542.0
L2,L2-CW->CC-20034,CW->CC,SFE 9,26.302,544.75
L2,L2-CW->CC-20034,CW->CC,SFE 9,24.203,547.5
L2,L2-CW->CC-20034,CW->CC,SFE 9,22.524,549.83
L2,L2-CW->CC-20034,CW->CC,SFE 9,21.125,551.83
L2,L2-CW->CC-20034,CW->CC,SFE 9,18.048,555.83
L2,L2-CW->CC-20034,CW->CC,SFE 9,13.151,562.0
L2,L2-CW->CC-20034,CW->CC,SFE 9,10.983,565.08
L2,L2-CW->CC-20034,CW->CC,SFE 9,9.614,567.83
L2,L2-CW->CC-20034,CW->CC,SFE 9,8.339,570.5
L2,L2-CW->CC-20034,CW->CC,SFE 9,7.442,572.5
L2,L2-CW->CC-20034,CW->CC,SFE 9,5.569,575.33
L2,L2-CW->CC-20034,CW->CC,SFE 9,3.838,578.25
L2,L2-CW->CC-20034,CW->CC,SFE 9,2.0,581.0
L2,L2-CW->CC-20034,CW->CC,SFE 9,0.0,584.0
L2,L2-CC->CW-20029,CC->CW,SFE 5,0.0,543.0
L2,L2-CC->CW-20029,CC->CW,SFE 5,2.0,546.22
L2,L2-CC->CW-20029,CC->CW,SFE 5,3.838,549.17
L2,L2-CC->CW-20029,CC->CW,SFE 5,5.569,551.92
L2,L2-CC->CW-20029,CC->CW,SFE 5,7.442,554.75
L2,L2-CC->CW-20029,CC->CW,SFE 5,8.339,556.75
L2,L2-CC->CW-20029,CC->CW,SFE 5,9.614,559.33
L2,L2-CC->CW-20029,CC->CW,SFE 5,10.983,562.25
L2,L2-CC->CW-20029,CC->CW,SFE 5,13.151,565.17
L2,L2-CC->CW-20029,CC->CW,SFE 5,18.048,571.33
L2,L2-CC->CW-20029,CC->CW,SFE 5,21.125,575.33
L2,L2-CC->CW-20029,CC->CW,SFE 5,22.524,577.33
L2,L2-CC->CW-20029,CC->CW,SFE 5,24.203,579.67
L2,L2-CC->CW-20029,CC->CW,SFE 5,26.302,582.5
L2,L2-CC->CW-20029,CC->CW,SFE 5,28.4,585.0
L2,L2-CC->CW-20031,CC->CW,SFE 6,0.0,555.0
L2,L2-CC->CW-20031,CC->CW,SFE 6,2.0,558.22
L2,L2-CC->CW-20031,CC->CW,SFE 6,3.838,561.17
L2,L2-CC->CW-20031,CC->CW,SFE 6,5.569,563.92
L2,L2-CC->CW-20031,CC->CW,SFE 6,7.442,566.75
L2,L2-CC->CW-20031,CC->CW,SFE 6,8.339,568.75
L2,L2-CC->CW-20031,CC->CW,SFE 6,9.614,571.33
L2,L2-CC->CW-20031,CC->CW,SFE 6,10.983,574.25
L2,L2-CC->CW-20031,CC->CW,SFE 6,13.151,577.17
L2,L2-CC->CW-20031,CC->CW,SFE 6,18.048,583.33
L2,L2-CC->CW-20031,CC->CW,SFE 6,21.125,587.33
L2,L2-CC->CW-20031,CC->CW,SFE 6,22.524,589.33
L2,L2-CC->CW-20031,CC->CW,SFE 6,24.203,591.67
L2,L2-CC->CW-20031,CC->CW,SFE 6,26.302,594.5
L2,L2-CC->CW-20031,CC->CW,SFE 6,28.4,597.0
L2,L2-CW->CC-20036,CW->CC,SFE 1,28.4,555.0
L2,L2-CW->CC-20036,CW->CC,SFE 1,26.302,557.75
L2,L2-CW->CC-20036,CW->CC,SFE 1,24.203,560.5
L2,L2-CW->CC-20036,CW->CC,SFE 1,22.524,562.83
L2,L2-CW->CC-20036,CW->CC,SFE 1,21.125,564.83
L2,L2-CW->CC-20036,CW->CC,SFE 1,18.048,568.83
L2,L2-CW->CC-20036,CW->CC,SFE 1,13.151,575.0
L2,L2-CW->CC-20036,CW->CC,SFE 1,10.983,578.08
L2,L2-CW->CC-20036,CW->CC,SFE 1,9.614,580.83
L2,L2-CW->CC-20036,CW->CC,SFE 1,8.339,583.5
L2,L2-CW->CC-20036,CW->CC,SFE 1,7.442,585.5
L2,L2-CW->CC-20036,CW->CC,SFE 1,5.569,588.33
L2,L2-CW->CC-20036,CW->CC,SFE 1,3.838,591.25
L2,L2-CW->CC-20036,CW->CC,SFE 1,2.0,594.0
L2,L2-CW->CC-20036,CW->CC,SFE 1,0.0,597.0
L2,L2-CW->CC-20280,CW->CC,SFE 2,28.4,564.0
L2,L2-CW->CC-20280,CW->CC,SFE 2,26.302,566.75
L2,L2-CW->CC-20280,CW->CC,SFE 2,24.203,569.5
L2,L2-CW->CC-20280,CW->CC,SFE 2,22.524,571.83
L2,L2-CW->CC-20280,CW->CC,SFE 2,21.125,573.83
L2,L2-CW->CC-20280,CW->CC,SFE 2,18.048,577.83
L2,L2-CW->CC-20280,CW->CC,SFE 2,13.151,584.0
L2,L2-CW->CC-20280,CW->CC,SFE 2,10.983,587.08
L2,L2-CW->CC-20280,CW->CC,SFE 2,9.614,589.83
L2,L2-CW->CC-20280,CW->CC,SFE 2,8.339,592.5
L2,L2-CW->CC-20280,CW->CC,SFE 2,7.442,594.5
L2,L2-CW->CC-20280,CW->CC,SFE 2,5.569,597.33
L2,L2-CW->CC-20280,CW->CC,SFE 2,3.838,600.25
L2,L2-CW->CC-20280,CW->CC,SFE 2,2.0,603.0
L2,L2-CW->CC-20280,CW->CC,SFE 2,0.0,606.0
L2,L2-CC->CW-20033,CC->CW,SFE 8,0.0,570.0
L2,L2-CC->CW-20033,CC->CW,SFE 8,2.0,573.22
L2,L2-CC->CW-20033,CC->CW,SFE 8,3.838,576.17
L2,L2-CC->CW-20033,CC->CW,SFE 8,5.569,578.92
L2,L2-CC->CW-20033,CC->CW,SFE 8,7.442,581.75
L2,L2-CC->CW-20033,CC->CW,SFE 8,8.339,583.75
L2,L2-CC->CW-20033,CC->CW,SFE 8,9.614,586.33
L2,L2-CC->CW-20033,CC->CW,SFE 8,10.983,589.25
L2,L2-CC->CW-20033,CC->CW,SFE 8,13.151,592.17
L2,L2-CC->CW-20033,CC->CW,SFE 8,18.048,598.33
L2,L2-CC->CW-20033,CC->CW,SFE 8,21.125,602.33
L2,L2-CC->CW-20033,CC->CW,SFE 8,22.524,604.33
L2,L2-CC->CW-20033,CC->CW,SFE 8,24.203,606.67
L2,L2-CC->CW-20033,CC->CW,SFE 8,26.302,609.5
L2,L2-CC->CW-20033,CC->CW,SFE 8,28.4,612.0
L2,L2-CW->CC-20040,CW->CC,SFE 3,28.4,580.0
L2,L2-CW->CC-20040,CW->CC,SFE 3,26.302,582.75
L2,L2-CW->CC-20040,CW->CC,SFE 3,24.203,585.5
L2,L2-CW->CC-20040,CW->CC,SFE 3,22.524,587.83
L2,L2-CW->CC-20040,CW->CC,SFE 3,21.125,589.83
L2,L2-CW->CC-20040,CW->CC,SFE 3,18.048,593.83
L2,L2-CW->CC-20040,CW->CC,SFE 3,13.151,600.0
L2,L2-CW->CC-20040,CW->CC,SFE 3,10.983,603.08
L2,L2-CW->CC-20040,CW->CC,SFE 3,9.614,605.83
L2,L2-CW->CC-20040,CW->CC,SFE 3,8.339,608.5
L2,L2-CW->CC-20040,CW->CC,SFE 3,7.442,610.5
L2,L2-CW->CC-20040,CW->CC,SFE 3,5.569,613.33
L2,L2-CW->CC-20040,CW->CC,SFE 3,3.838,616.25
L2,L2-CW->CC-20040,CW->CC,SFE 3,2.0,619.0
L2,L2-CW->CC-20040,CW->CC,SFE 3,0.0,622.0
L2,L2-CC->CW-20035,CC->CW,SFE 9,0.0,590.0
L2,L2-CC->CW-20035,CC->CW,SFE 9,0.0,607.5
L2,L2-CC->CW-20035,CC->CW,SFE 9,2.0,610.72
L2,L2-CC->CW-20035,CC->CW,SFE 9,3.838,613.67
L2,L2-CC->CW-20035,CC->CW,SFE 9,5.569,616.42
L2,L2-CC->CW-20035,CC->CW,SFE 9,7.442,619.25
L2,L2-CC->CW-20035,CC->CW,SFE 9,8.339,621.25
L2,L2-CC->CW-20035,CC->CW,SFE 9,9.614,623.83
L2,L2-CC->CW-20035,CC->CW,SFE 9,10.983,626.75
L2,L2-CC->CW-20035,CC->CW,SFE 9,13.151,629.67
L2,L2-CC->CW-20035,CC->CW,SFE 9,18.048,635.83
L2,L2-CC->CW-20035,CC->CW,SFE 9,21.125,639.83
L2,L2-CC->CW-20035,CC->CW,SFE 9,22.524,641.83
L2,L2-CC->CW-20035,CC->CW,SFE 9,24.203,644.17
L2,L2-CC->CW-20035,CC->CW,SFE 9,26.302,647.0
L2,L2-CC->CW-20035,CC->CW,SFE 9,28.4,649.5
L2,L2-CW->CC-20042,CW->CC,SFE 5,28.4,595.0
L2,L2-CW->CC-20042,CW->CC,SFE 5,26.302,597.75
L2,L2-CW->CC-20042,CW->CC,SFE 5,24.203,600.5
L2,L2-CW->CC-20042,CW->CC,SFE 5,22.524,602.83
L2,L2-CW->CC-20042,CW->CC,SFE 5,21.125,604.83
L2,L2-CW->CC-20042,CW->CC,SFE 5,18.048,608.83
L2,L2-CW->CC-20042,CW->CC,SFE 5,13.151,615.0
L2,L2-CW->CC-20042,CW->CC,SFE 5,10.983,618.08
L2,L2-CW->CC-20042,CW->CC,SFE 5,9.614,620.83
L2,L2-CW->CC-20042,CW->CC,SFE 5,8.339,623.5
L2,L2-CW->CC-20042,CW->CC,SFE 5,7.442,625.5
L2,L2-CW->CC-20042,CW->CC,SFE 5,5.569,628.33
L2,L2-CW->CC-20042,CW->CC,SFE 5,3.838,631.25
L2,L2-CW->CC-20042,CW->CC,SFE 5,2.0,634.0
L2,L2-CW->CC-20042,CW->CC,SFE 5,0.0,637.0
L2,L2-CC->CW-20037,CC->CW,SFE 1,0.0,605.0
L2,L2-CC->CW-20037,CC->CW,SFE 1,0.0,612.22
L2,L2-CC->CW-20037,CC->CW,SFE 1,2.0,615.43
L2,L2-CC->CW-20037,CC->CW,SFE 1,3.838,618.39
L2,L2-CC->CW-20037,CC->CW,SFE 1,5.569,621.14
L2,L2-CC->CW-20037,CC->CW,SFE 1,7.442,623.97
L2,L2-CC->CW-20037,CC->CW,SFE 1,8.339,625.97
L2,L2-CC->CW-20037,CC->CW,SFE 1,9.614,628.55
L2,L2-CC->CW-20037,CC->CW,SFE 1,10.983,631.47
L2,L2-CC->CW-20037,CC->CW,SFE 1,13.151,634.39
L2,L2-CC->CW-20037,CC->CW,SFE 1,18.048,640.55
L2,L2-CC->CW-20037,CC->CW,SFE 1,21.125,644.55
L2,L2-CC->CW-20037,CC->CW,SFE 1,22.524,646.55
L2,L2-CC->CW-20037,CC->CW,SFE 1,24.203,648.89
L2,L2-CC->CW-20037,CC->CW,SFE 1,26.302,651.72
L2,L2-CC->CW-20037,CC->CW,SFE 1,28.4,654.22
L2,L2-CW->CC-20044,CW->CC,SFE 6,28.4,605.0
L2,L2-CW->CC-20044,CW->CC,SFE 6,26.302,607.75
L2,L2-CW->CC-20044,CW->CC,SFE 6,24.203,610.5
L2,L2-CW->CC-20044,CW->CC,SFE 6,22.524,612.83
L2,L2-CW->CC-20044,CW->CC,SFE 6,21.125,614.83
L2,L2-CW->CC-20044,CW->CC,SFE 6,18.048,618.83
L2,L2-CW->CC-20044,CW->CC,SFE 6,13.151,625.0
L2,L2-CW->CC-20044,CW->CC,SFE 6,10.983,628.08
L2,L2-CW->CC-20044,CW->CC,SFE 6,9.614,630.83
L2,L2-CW->CC-20044,CW->CC,SFE 6,8.339,633.5
L2,L2-CW->CC-20044,CW->CC,SFE 6,7.442,635.5
L2,L2-CW->CC-20044,CW->CC,SFE 6,5.569,638.33
L2,L2-CW->CC-20044,CW->CC,SFE 6,3.838,641.25
L2,L2-CW->CC-20044,CW->CC,SFE 6,2.0,644.0
L2,L2-CW->CC-20044,CW->CC,SFE 6,0.0,647.0
L2,L2-CC->CW-20041,CC->CW,SFE 3,0.0,630.0
L2,L2-CC->CW-20041,CC->CW,SFE 3,0.0,638.5
L2,L2-CC->CW-20041,CC->CW,SFE 3,2.0,641.72
L2,L2-CC->CW-20041,CC->CW,SFE 3,3.838,644.67
L2,L2-CC->CW-20041,CC->CW,SFE 3,5.569,647.42
L2,L2-CC->CW-20041,CC->CW,SFE 3,7.442,650.25
L2,L2-CC->CW-20041,CC->CW,SFE 3,8.339,652.25
L2,L2-CC->CW-20041,CC->CW,SFE 3,9.614,654.83
L2,L2-CC->CW-20041,CC->CW,SFE 3,10.983,657.75
L2,L2-CC->CW-20041,CC->CW,SFE 3,13.151,660.67
L2,L2-CC->CW-20041,CC->CW,SFE 3,18.048,666.83
L2,L2-CC->CW-20041,CC->CW,SFE 3,21.125,670.83
L2,L2-CC->CW-20041,CC->CW,SFE 3,22.524,672.83
L2,L2-CC->CW-20041,CC->CW,SFE 3,24.203,675.17
L2,L2-CC->CW-20041,CC->CW,SFE 3,26.302,678.0
L2,L2-CC->CW-20041,CC->CW,SFE 3,28.4,680.5
L2,L2-CW->CC-20048,CW->CC,SFE 9,28.4,640.0
L2,L2-CW->CC-20048,CW->CC,SFE 9,26.302,642.75
L2,L2-CW->CC-20048,CW->CC,SFE 9,24.203,645.5
L2,L2-CW->CC-20048,CW->CC,SFE 9,22.524,647.83
L2,L2-CW->CC-20048,CW->CC,SFE 9,21.125,649.83
L2,L2-CW->CC-20048,CW->CC,SFE 9,18.048,653.83
L2,L2-CW->CC-20048,CW->CC,SFE 9,13.151,660.0
L2,L2-CW->CC-20048,CW->CC,SFE 9,10.983,663.08
L2,L2-CW->CC-20048,CW->CC,SFE 9,9.614,665.83
L2,L2-CW->CC-20048,CW->CC,SFE 9,8.339,668.5
L2,L2-CW->CC-20048,CW->CC,SFE 9,7.442,670.5
L2,L2-CW->CC-20048,CW->CC,SFE 9,5.569,673.33
L2,L2-CW->CC-20048,CW->CC,SFE 9,3.838,676.25
L2,L2-CW->CC-20048,CW->CC,SFE 9,2.0,679.0
L2,L2-CW->CC-20048,CW->CC,SFE 9,0.0,682.0
L2,L2-CW->CC-20050,CW->CC,SFE 1,28.4,660.0
L2,L2-CW->CC-20050,CW->CC,SFE 1,26.302,662.75
L2,L2-CW->CC-20050,CW->CC,SFE 1,24.203,665.5
L2,L2-CW->CC-20050,CW->CC,SFE 1,22.524,667.83
L2,L2-CW->CC-20050,CW->CC,SFE 1,21.125,669.83
L2,L2-CW->CC-20050,CW->CC,SFE 1,18.048,673.83
L2,L2-CW->CC-20050,CW->CC,SFE 1,13.151,680.0
L2,L2-CW->CC-20050,CW->CC,SFE 1,10.983,683.08
L2,L2-CW->CC-20050,CW->CC,SFE 1,9.614,685.83
L2,L2-CW->CC-20050,CW->CC,SFE 1,8.339,688.5
L2,L2-CW->CC-20050,CW->CC,SFE 1,7.442,690.5
L2,L2-CW->CC-20050,CW->CC,SFE 1,5.569,693.33
L2,L2-CW->CC-20050,CW->CC,SFE 1,3.838,696.25
L2,L2-CW->CC-20050,CW->CC,SFE 1,2.0,699.0
L2,L2-CW->CC-20050,CW->CC,SFE 1,0.0,702.0
L2,L2-CW->CC-20052,CW->CC,SFE 3,28.4,680.0
L2,L2-CW->CC-20052,CW->CC,SFE 3,26.302,682.75
L2,L2-CW->CC-20052,CW->CC,SFE 3,24.203,685.5
L2,L2-CW->CC-20052,CW->CC,SFE 3,22.524,687.83
L2,L2-CW->CC-20052,CW->CC,SFE 3,21.125,689.83
L2,L2-CW->CC-20052,CW->CC,SFE 3,18.048,693.83
L2,L2-CW->CC-20052,CW->CC,SFE 3,13.151,700.0
L2,L2-CW->CC-20052,CW->CC,SFE 3,10.983,703.08
L2,L2-CW->CC-20052,CW->CC,SFE 3,9.614,705.83
L2,L2-CW->CC-20052,CW->CC,SFE 3,8.339,708.5
L2,L2-CW->CC-20052,CW->CC,SFE 3,7.442,710.5
L2,L2-CW->CC-20052,CW->CC,SFE 3,5.569,713.33
L2,L2-CW->CC-20052,CW->CC,SFE 3,3.838,716.25
L2,L2-CW->CC-20052,CW->CC,SFE 3,2.0,719.0
L2,L2-CW->CC-20052,CW->CC,SFE 3,0.0,722.0
L2,L2-CC->CW-20049,CC->CW,SFE 9,0.0,690.0
L2,L2-CC->CW-20049,CC->CW,SFE 9,2.0,693.22
L2,L2-CC->CW-20049,CC->CW,SFE 9,3.838,696.17
L2,L2-CC->CW-20049,CC->CW,SFE 9,5.569,698.92
L2,L2-CC->CW-20049,CC->CW,SFE 9,7.442,701.75
L2,L2-CC->CW-20049,CC->CW,SFE 9,8.339,703.75
L2,L2-CC->CW-20049,CC->CW,SFE 9,9.614,706.33
L2,L2-CC->CW-20049,CC->CW,SFE 9,10.983,709.25
L2,L2-CC->CW-20049,CC->CW,SFE 9,13.151,712.17
L2,L2-CC->CW-20049,CC->CW,SFE 9,18.048,718.33
L2,L2-CC->CW-20049,CC->CW,SFE 9,21.125,722.33
L2,L2-CC->CW-20049,CC->CW,SFE 9,22.524,724.33
L2,L2-CC->CW-20049,CC->CW,SFE 9,24.203,726.67
L2,L2-CC->CW-20049,CC->CW,SFE 9,26.302,729.5
L2,L2-CC->CW-20049,CC->CW,SFE 9,28.4,732.0
L2,L2-CW->CC-20054,CW->CC,SFE 8,28.4,695.0
L2,L2-CW->CC-20054,CW->CC,SFE 8,26.302,697.75
L2,L2-CW->CC-20054,CW->CC,SFE 8,24.203,700.5
L2,L2-CW->CC-20054,CW->CC,SFE 8,22.524,702.83
L2,L2-CW->CC-20054,CW->CC,SFE 8,21.125,704.83
L2,L2-CW->CC-20054,CW->CC,SFE 8,18.048,708.83
L2,L2-CW->CC-20054,CW->CC,SFE 8,13.151,715.0
L2,L2-CW->CC-20054,CW->CC,SFE 8,10.983,718.08
L2,L2-CW->CC-20054,CW->CC,SFE 8,9.614,720.83
L2,L2-CW->CC-20054,CW->CC,SFE 8,8.339,723.5
L2,L2-CW->CC-20054,CW->CC,SFE 8,7.442,725.5
L2,L2-CW->CC-20054,CW->CC,SFE 8,5.569,728.33
L2,L2-CW->CC-20054,CW->CC,SFE 8,3.838,731.25
L2,L2-CW->CC-20054,CW->CC,SFE 8,2.0,734.0
L2,L2-CW->CC-20054,CW->CC,SFE 8,0.0,737.0
L2,L2-CC->CW-20051,CC->CW,SFE 1,0.0,705.0
L2,L2-CC->CW-20051,CC->CW,SFE 1,2.0,708.22
L2,L2-CC->CW-20051,CC->CW,SFE 1,3.838,711.17
L2,L2-CC->CW-20051,CC->CW,SFE 1,5.569,713.92
L2,L2-CC->CW-20051,CC->CW,SFE 1,7.442,716.75
L2,L2-CC->CW-20051,CC->CW,SFE 1,8.339,718.75
L2,L2-CC->CW-20051,CC->CW,SFE 1,9.614,721.33
L2,L2-CC->CW-20051,CC->CW,SFE 1,10.983,724.25
L2,L2-CC->CW-20051,CC->CW,SFE 1,13.151,727.17
L2,L2-CC->CW-20051,CC->CW,SFE 1,18.048,733.33
L2,L2-CC->CW-20051,CC->CW,SFE 1,21.125,737.33
L2,L2-CC->CW-20051,CC->CW,SFE 1,22.524,739.33
L2,L2-CC->CW-20051,CC->CW,SFE 1,24.203,741.67
L2,L2-CC->CW-20051,CC->CW,SFE 1,26.302,744.5
L2,L2-CC->CW-20051,CC->CW,SFE 1,28.4,747.0
L2,L2-CC->CW-20053,CC->CW,SFE 3,0.0,730.0
L2,L2-CC->CW-20053,CC->CW,SFE 3,0.0,738.5
L2,L2-CC->CW-20053,CC->CW,SFE 3,2.0,741.72
L2,L2-CC->CW-20053,CC->CW,SFE 3,3.838,744.67
L2,L2-CC->CW-20053,CC->CW,SFE 3,5.569,747.42
L2,L2-CC->CW-20053,CC->CW,SFE 3,7.442,750.25
L2,L2-CC->CW-20053,CC->CW,SFE 3,8.339,752.25
L2,L2-CC->CW-20053,CC->CW,SFE 3,9.614,754.83
L2,L2-CC->CW-20053,CC->CW,SFE 3,10.983,757.75
L2,L2-CC->CW-20053,CC->CW,SFE 3,13.151,760.67
L2,L2-CC->CW-20053,CC->CW,SFE 3,18.048,766.83
L2,L2-CC->CW-20053,CC->CW,SFE 3,21.125,770.83
L2,L2-CC->CW-20053,CC->CW,SFE 3,22.524,772.83
L2,L2-CC->CW-20053,CC->CW,SFE 3,24.203,775.17
L2,L2-CC->CW-20053,CC->CW,SFE 3,26.302,778.0
L2,L2-CC->CW-20053,CC->CW,SFE 3,28.4,780.5
L2,L2-CW->CC-20056,CW->CC,SFE 9,28.4,735.0
L2,L2-CW->CC-20056,CW->CC,SFE 9,26.302,737.75
L2,L2-CW->CC-20056,CW->CC,SFE 9,24.203,740.5
L2,L2-CW->CC-20056,CW->CC,SFE 9,22.524,742.83
L2,L2-CW->CC-20056,CW->CC,SFE 9,21.125,744.83
L2,L2-CW->CC-20056,CW->CC,SFE 9,18.048,748.83
L2,L2-CW->CC-20056,CW->CC,SFE 9,13.151,755.0
L2,L2-CW->CC-20056,CW->CC,SFE 9,10.983,758.08
L2,L2-CW->CC-20056,CW->CC,SFE 9,9.614,760.83
L2,L2-CW->CC-20056,CW->CC,SFE 9,8.339,763.5
L2,L2-CW->CC-20056,CW->CC,SFE 9,7.442,765.5
L2,L2-CW->CC-20056,CW->CC,SFE 9,5.569,768.33
L2,L2-CW->CC-20056,CW->CC,SFE 9,3.838,771.25
L2,L2-CW->CC-20056,CW->CC,SFE 9,2.0,774.0
L2,L2-CW->CC-20056,CW->CC,SFE 9,0.0,777.0
L2,L2-CC->CW-20055,CC->CW,SFE 8,0.0,743.0
L2,L2-CC->CW-20055,CC->CW,SFE 8,0.0,743.22
L2,L2-CC->CW-20055,CC->CW,SFE 8,2.0,746.43
L2,L2-CC->CW-20055,CC->CW,SFE 8,3.838,749.39
L2,L2-CC->CW-20055,CC->CW,SFE 8,5.569,752.14
L2,L2-CC->CW-20055,CC->CW,SFE 8,7.442,754.97
L2,L2-CC->CW-20055,CC->CW,SFE 8,8.339,756.97
L2,L2-CC->CW-20055,CC->CW,SFE 8,9.614,759.55
L2,L2-CC->CW-20055,CC->CW,SFE 8,10.983,762.47
L2,L2-CC->CW-20055,CC->CW,SFE 8,13.151,765.39
L2,L2-CC->CW-20055,CC->CW,SFE 8,18.048,771.55
L2,L2-CC->CW-20055,CC->CW,SFE 8,21.125,775.55
L2,L2-CC->CW-20055,CC->CW,SFE 8,22.524,777.55
L2,L2-CC->CW-20055,CC->CW,SFE 8,24.203,779.89
L2,L2-CC->CW-20055,CC->CW,SFE 8,26.302,782.72
L2,L2-CC->CW-20055,CC->CW,SFE 8,28.4,785.22
L2,L2-CW->CC-20058,CW->CC,SFE 1,28.4,750.0
L2,L2-CW->CC-20058,CW->CC,SFE 1,26.302,752.75
L2,L2-CW->CC-20058,CW->CC,SFE 1,24.203,755.5
L2,L2-CW->CC-20058,CW->CC,SFE 1,22.524,757.83
L2,L2-CW->CC-20058,CW->CC,SFE 1,21.125,759.83
L2,L2-CW->CC-20058,CW->CC,SFE 1,18.048,763.83
L2,L2-CW->CC-20058,CW->CC,SFE 1,13.151,770.0
L2,L2-CW->CC-20058,CW->CC,SFE 1,10.983,773.08
L2,L2-CW->CC-20058,CW->CC,SFE 1,9.614,775.83
L2,L2-CW->CC-20058,CW->CC,SFE 1,8.339,778.5
L2,L2-CW->CC-20058,CW->CC,SFE 1,7.442,780.5
L2,L2-CW->CC-20058,CW->CC,SFE 1,5.569,783.33
L2,L2-CW->CC-20058,CW->CC,SFE 1,3.838,786.25
L2,L2-CW->CC-20058,CW->CC,SFE 1,2.0,789.0
L2,L2-CW->CC-20058,CW->CC,SFE 1,0.0,792.0
L2,L2-CW->CC-20282,CW->CC,SFE 3,28.4,775.0
L2,L2-CW->CC-20282,CW->CC,SFE 3,26.302,777.75
L2,L2-CW->CC-20282,CW->CC,SFE 3,24.203,780.5
L2,L2-CW->CC-20282,CW->CC,SFE 3,22.524,782.83
L2,L2-CW->CC-20282,CW->CC,SFE 3,21.125,784.83
L2,L2-CW->CC-20282,CW->CC,SFE 3,18.048,788.83
L2,L2-CW->CC-20282,CW->CC,SFE 3,13.151,795.0
L2,L2-CW->CC-20282,CW->CC,SFE 3,10.983,798.08
L2,L2-CW->CC-20282,CW->CC,SFE 3,9.614,800.83
L2,L2-CW->CC-20282,CW->CC,SFE 3,8.339,803.5
L2,L2-CW->CC-20282,CW->CC,SFE 3,7.442,805.5
L2,L2-CW->CC-20282,CW->CC,SFE 3,5.569,808.33
L2,L2-CW->CC-20282,CW->CC,SFE 3,3.838,811.25
L2,L2-CW->CC-20282,CW->CC,SFE 3,2.0,814.0
L2,L2-CW->CC-20282,CW->CC,SFE 3,0.0,817.0
L2,L2-CC->CW-20057,CC->CW,SFE 9,0.0,780.0
L2,L2-CC->CW-20057,CC->CW,SFE 9,2.0,783.22
L2,L2-CC->CW-20057,CC->CW,SFE 9,3.838,786.17
L2,L2-CC->CW-20057,CC->CW,SFE 9,5.569,788.92
L2,L2-CC->CW-20057,CC->CW,SFE 9,7.442,791.75
L2,L2-CC->CW-20057,CC->CW,SFE 9,8.339,793.75
L2,L2-CC->CW-20057,CC->CW,SFE 9,9.614,796.33
L2,L2-CC->CW-20057,CC->CW,SFE 9,10.983,799.25
L2,L2-CC->CW-20057,CC->CW,SFE 9,13.151,802.17
L2,L2-CC->CW-20057,CC->CW,SFE 9,18.048,808.33
L2,L2-CC->CW-20057,CC->CW,SFE 9,21.125,812.33
L2,L2-CC->CW-20057,CC->CW,SFE 9,22.524,814.33
L2,L2-CC->CW-20057,CC->CW,SFE 9,24.203,816.67
L2,L2-CC->CW-20057,CC->CW,SFE 9,26.302,819.5
L2,L2-CC->CW-20057,CC->CW,SFE 9,28.4,822.0
L2,L2-CC->CW-20059,CC->CW,SFE 1,0.0,795.0
L2,L2-CC->CW-20059,CC->CW,SFE 1,2.0,798.22
L2,L2-CC->CW-20059,CC->CW,SFE 1,3.838,801.17
L2,L2-CC->CW-20059,CC->CW,SFE 1,5.569,803.92
L2,L2-CC->CW-20059,CC->CW,SFE 1,7.442,806.75
L2,L2-CC->CW-20059,CC->CW,SFE 1,8.339,808.75
L2,L2-CC->CW-20059,CC->CW,SFE 1,9.614,811.33
L2,L2-CC->CW-20059,CC->CW,SFE 1,10.983,814.25
L2,L2-CC->CW-20059,CC->CW,SFE 1,13.151,817.17
L2,L2-CC->CW-20059,CC->CW,SFE 1,18.048,823.33
L2,L2-CC->CW-20059,CC->CW,SFE 1,21.125,827.33
L2,L2-CC->CW-20059,CC->CW,SFE 1,22.524,829.33
L2,L2-CC->CW-20059,CC->CW,SFE 1,24.203,831.67
L2,L2-CC->CW-20059,CC->CW,SFE 1,26.302,834.5
L2,L2-CC->CW-20059,CC->CW,SFE 1,28.4,837.0
L2,L2-CW->CC-20062,CW->CC,SFE 9,28.4,830.0
L2,L2-CW->CC-20062,CW->CC,SFE 9,26.302,832.75
L2,L2-CW->CC-20062,CW->CC,SFE 9,24.203,835.5
L2,L2-CW->CC-20062,CW->CC,SFE 9,22.524,837.83
L2,L2-CW->CC-20062,CW->CC,SFE 9,21.125,839.83
L2,L2-CW->CC-20062,CW->CC,SFE 9,18.048,843.83
L2,L2-CW->CC-20062,CW->CC,SFE 9,13.151,850.0
L2,L2-CW->CC-20062,CW->CC,SFE 9,10.983,853.08
L2,L2-CW->CC-20062,CW->CC,SFE 9,9.614,855.83
L2,L2-CW->CC-20062,CW->CC,SFE 9,8.339,858.5
L2,L2-CW->CC-20062,CW->CC,SFE 9,7.442,860.5
L2,L2-CW->CC-20062,CW->CC,SFE 9,5.569,863.33
L2,L2-CW->CC-20062,CW->CC,SFE 9,3.838,866.25
L2,L2-CW->CC-20062,CW->CC,SFE 9,2.0,869.0
L2,L2-CW->CC-20062,CW->CC,SFE 9,0.0,872.0
L2,L2-CW->CC-20064,CW->CC,SFE 1,28.4,870.0
L2,L2-CW->CC-20064,CW->CC,SFE 1,26.302,872.75
L2,L2-CW->CC-20064,CW->CC,SFE 1,24.203,875.5
L2,L2-CW->CC-20064,CW->CC,SFE 1,22.524,877.83
L2,L2-CW->CC-20064,CW->CC,SFE 1,21.125,879.83
L2,L2-CW->CC-20064,CW->CC,SFE 1,18.048,883.83
L2,L2-CW->CC-20064,CW->CC,SFE 1,13.151,890.0
L2,L2-CW->CC-20064,CW->CC,SFE 1,10.983,893.08
L2,L2-CW->CC-20064,CW->CC,SFE 1,9.614,895.83
L2,L2-CW->CC-20064,CW->CC,SFE 1,8.339,898.5
L2,L2-CW->CC-20064,CW->CC,SFE 1,7.442,900.5
L2,L2-CW->CC-20064,CW->CC,SFE 1,5.569,903.33
L2,L2-CW->CC-20064,CW->CC,SFE 1,3.838,906.25
L2,L2-CW->CC-20064,CW->CC,SFE 1,2.0,909.0
L2,L2-CW->CC-20064,CW->CC,SFE 1,0.0,912.0
L2,L2-CC->CW-20063,CC->CW,SFE 9,0.0,875.0
L2,L2-CC->CW-20063,CC->CW,SFE 9,2.0,878.22
L2,L2-CC->CW-20063,CC->CW,SFE 9,3.838,881.17
L2,L2-CC->CW-20063,CC->CW,SFE 9,5.569,883.92
L2,L2-CC->CW-20063,CC->CW,SFE 9,7.442,886.75
L2,L2-CC->CW-20063,CC->CW,SFE 9,8.339,888.75
L2,L2-CC->CW-20063,CC->CW,SFE 9,9.614,891.33
L2,L2-CC->CW-20063,CC->CW,SFE 9,10.983,894.25
L2,L2-CC->CW-20063,CC->CW,SFE 9,13.151,897.17
L2,L2-CC->CW-20063,CC->CW,SFE 9,18.048,903.33
L2,L2-CC->CW-20063,CC->CW,SFE 9,21.125,907.33
L2,L2-CC->CW-20063,CC->CW,SFE 9,22.524,909.33
L2,L2-CC->CW-20063,CC->CW,SFE 9,24.203,911.67
L2,L2-CC->CW-20063,CC->CW,SFE 9,26.302,914.5
L2,L2-CC->CW-20063,CC->CW,SFE 9,28.4,917.0
L2,L2-CW->CC-20066,CW->CC,SFE 8,28.4,885.0
L2,L2-CW->CC-20066,CW->CC,SFE 8,26.302,887.75
L2,L2-CW->CC-20066,CW->CC,SFE 8,24.203,890.5
L2,L2-CW->CC-20066,CW->CC,SFE 8,22.524,892.83
L2,L2-CW->CC-20066,CW->CC,SFE 8,21.125,894.83
L2,L2-CW->CC-20066,CW->CC,SFE 8,18.048,898.83
L2,L2-CW->CC-20066,CW->CC,SFE 8,13.151,905.0
L2,L2-CW->CC-20066,CW->CC,SFE 8,10.983,908.08
L2,L2-CW->CC-20066,CW->CC,SFE 8,9.614,910.83
L2,L2-CW->CC-20066,CW->CC,SFE 8,8.339,913.5
L2,L2-CW->CC-20066,CW->CC,SFE 8,7.442,915.5
L2,L2-CW->CC-20066,CW->CC,SFE 8,5.569,918.33
L2,L2-CW->CC-20066,CW->CC,SFE 8,3.838,921.25
L2,L2-CW->CC-20066,CW->CC,SFE 8,2.0,924.0
L2,L2-CW->CC-20066,CW->CC,SFE 8,0.0,927.0
L2,L2-CC->CW-20065,CC->CW,SFE 1,0.0,915.0
L2,L2-CC->CW-20065,CC->CW,SFE 1,2.0,918.22
L2,L2-CC->CW-20065,CC->CW,SFE 1,3.838,921.17
L2,L2-CC->CW-20065,CC->CW,SFE 1,5.569,923.92
L2,L2-CC->CW-20065,CC->CW,SFE 1,7.442,926.75
L2,L2-CC->CW-20065,CC->CW,SFE 1,8.339,928.75
L2,L2-CC->CW-20065,CC->CW,SFE 1,9.614,931.33
L2,L2-CC->CW-20065,CC->CW,SFE 1,10.983,934.25
L2,L2-CC->CW-20065,CC->CW,SFE 1,13.151,937.17
L2,L2-CC->CW-20065,CC->CW,SFE 1,18.048,943.33
L2,L2-CC->CW-20065,CC->CW,SFE 1,21.125,947.33
L2,L2-CC->CW-20065,CC->CW,SFE 1,22.524,949.33
L2,L2-CC->CW-20065,CC->CW,SFE 1,24.203,951.67
L2,L2-CC->CW-20065,CC->CW,SFE 1,26.302,954.5
L2,L2-CC->CW-20065,CC->CW,SFE 1,28.4,957.0
L2,L2-CC->CW-20067,CC->CW,SFE 8,0.0,930.0
L2,L2-CC->CW-20067,CC->CW,SFE 8,2.0,933.22
L2,L2-CC->CW-20067,CC->CW,SFE 8,3.838,936.17
L2,L2-CC->CW-20067,CC->CW,SFE 8,5.569,938.92
L2,L2-CC->CW-20067,CC->CW,SFE 8,7.442,941.75
L2,L2-CC->CW-20067,CC->CW,SFE 8,8.339,943.75
L2,L2-CC->CW-20067,CC->CW,SFE 8,9.614,946.33
L2,L2-CC->CW-20067,CC->CW,SFE 8,10.983,949.25
L2,L2-CC->CW-20067,CC->CW,SFE 8,13.151,952.17
L2,L2-CC->CW-20067,CC->CW,SFE 8,18.048,958.33
L2,L2-CC->CW-20067,CC->CW,SFE 8,21.125,962.33
L2,L2-CC->CW-20067,CC->CW,SFE 8,22.524,964.33
L2,L2-CC->CW-20067,CC->CW,SFE 8,24.203,966.67
L2,L2-CC->CW-20067,CC->CW,SFE 8,26.302,969.5
L2,L2-CC->CW-20067,CC->CW,SFE 8,28.4,972.0
L2,L2-CW->CC-20068,CW->CC,SFE 9,28.4,935.0
L2,L2-CW->CC-20068,CW->CC,SFE 9,26.302,937.75
L2,L2-CW->CC-20068,CW->CC,SFE 9,24.203,940.5
L2,L2-CW->CC-20068,CW->CC,SFE 9,22.524,942.83
L2,L2-CW->CC-20068,CW->CC,SFE 9,21.125,944.83
L2,L2-CW->CC-20068,CW->CC,SFE 9,18.048,948.83
L2,L2-CW->CC-20068,CW->CC,SFE 9,13.151,955.0
L2,L2-CW->CC-20068,CW->CC,SFE 9,10.983,958.08
L2,L2-CW->CC-20068,CW->CC,SFE 9,9.614,960.83
L2,L2-CW->CC-20068,CW->CC,SFE 9,8.339,963.5
L2,L2-CW->CC-20068,CW->CC,SFE 9,7.442,965.5
L2,L2-CW->CC-20068,CW->CC,SFE 9,5.569,968.33
L2,L2-CW->CC-20068,CW->CC,SFE 9,3.838,971.25
L2,L2-CW->CC-20068,CW->CC,SFE 9,2.0,974.0
L2,L2-CW->CC-20068,CW->CC,SFE 9,0.0,977.0
L2,L2-CW->CC-20072,CW->CC,SFE 1,28.4,965.0
L2,L2-CW->CC-20072,CW->CC,SFE 1,26.302,967.75
L2,L2-CW->CC-20072,CW->CC,SFE 1,24.203,970.5
L2,L2-CW->CC-20072,CW->CC,SFE 1,22.524,972.83
L2,L2-CW->CC-20072,CW->CC,SFE 1,21.125,974.83
L2,L2-CW->CC-20072,CW->CC,SFE 1,18.048,978.83
L2,L2-CW->CC-20072,CW->CC,SFE 1,13.151,985.0
L2,L2-CW->CC-20072,CW->CC,SFE 1,10.983,988.08
L2,L2-CW->CC-20072,CW->CC,SFE 1,9.614,990.83
L2,L2-CW->CC-20072,CW->CC,SFE 1,8.339,993.5
L2,L2-CW->CC-20072,CW->CC,SFE 1,7.442,995.5
L2,L2-CW->CC-20072,CW->CC,SFE 1,5.569,998.33
L2,L2-CW->CC-20072,CW->CC,SFE 1,3.838,1001.25
L2,L2-CW->CC-20072,CW->CC,SFE 1,2.0,1004.0
L2,L2-CW->CC-20072,CW->CC,SFE 1,0.0,1007.0
L2,L2-CC->CW-20069,CC->CW,SFE 9,0.0,980.0
L2,L2-CC->CW-20069,CC->CW,SFE 9,2.0,983.22
L2,L2-CC->CW-20069,CC->CW,SFE 9,3.838,986.17
L2,L2-CC->CW-20069,CC->CW,SFE 9,5.569,988.92
L2,L2-CC->CW-20069,CC->CW,SFE 9,7.442,991.75
L2,L2-CC->CW-20069,CC->CW,SFE 9,8.339,993.75
L2,L2-CC->CW-20069,CC->CW,SFE 9,9.614,996.33
L2,L2-CC->CW-20069,CC->CW,SFE 9,10.983,999.25
L2,L2-CC->CW-20069,CC->CW,SFE 9,13.151,1002.17
L2,L2-CC->CW-20069,CC->CW,SFE 9,18.048,1008.33
L2,L2-CC->CW-20069,CC->CW,SFE 9,21.125,1012.33
L2,L2-CC->CW-20069,CC->CW,SFE 9,22.524,1014.33
L2,L2-CC->CW-20069,CC->CW,SFE 9,24.203,1016.67
L2,L2-CC->CW-20069,CC->CW,SFE 9,26.302,1019.5
L2,L2-CC->CW-20069,CC->CW,SFE 9,28.4,1022.0
L2,L2-CC->CW-20071,CC->CW,SFE 5,0.0,1000.0
L2,L2-CC->CW-20071,CC->CW,SFE 5,0.0,1008.5
L2,L2-CC->CW-20071,CC->CW,SFE 5,2.0,1011.72
L2,L2-CC->CW-20071,CC->CW,SFE 5,3.838,1014.67
L2,L2-CC->CW-20071,CC->CW,SFE 5,5.569,1017.42
L2,L2-CC->CW-20071,CC->CW,SFE 5,7.442,1020.25
L2,L2-CC->CW-20071,CC->CW,SFE 5,8.339,1022.25
L2,L2-CC->CW-20071,CC->CW,SFE 5,9.614,1024.83
L2,L2-CC->CW-20071,CC->CW,SFE 5,10.983,1027.75
L2,L2-CC->CW-20071,CC->CW,SFE 5,13.151,1030.67
L2,L2-CC->CW-20071,CC->CW,SFE 5,18.048,1036.83
L2,L2-CC->CW-20071,CC->CW,SFE 5,21.125,1040.83
L2,L2-CC->CW-20071,CC->CW,SFE 5,22.524,1042.83
L2,L2-CC->CW-20071,CC->CW,SFE 5,24.203,1045.17
L2,L2-CC->CW-20071,CC->CW,SFE 5,26.302,1048.0
L2,L2-CC->CW-20071,CC->CW,SFE 5,28.4,1050.5
L2,L2-CW->CC-20078,CW->CC,SFE 8,28.4,1010.0
L2,L2-CW->CC-20078,CW->CC,SFE 8,26.302,1012.75
L2,L2-CW->CC-20078,CW->CC,SFE 8,24.203,1015.5
L2,L2-CW->CC-20078,CW->CC,SFE 8,22.524,1017.83
L2,L2-CW->CC-20078,CW->CC,SFE 8,21.125,1019.83
L2,L2-CW->CC-20078,CW->CC,SFE 8,18.048,1023.83
L2,L2-CW->CC-20078,CW->CC,SFE 8,13.151,1030.0
L2,L2-CW->CC-20078,CW->CC,SFE 8,10.983,1033.08
L2,L2-CW->CC-20078,CW->CC,SFE 8,9.614,1035.83
L2,L2-CW->CC-20078,CW->CC,SFE 8,8.339,1038.5
L2,L2-CW->CC-20078,CW->CC,SFE 8,7.442,1040.5
L2,L2-CW->CC-20078,CW->CC,SFE 8,5.569,1043.33
L2,L2-CW->CC-20078,CW->CC,SFE 8,3.838,1046.25
L2,L2-CW->CC-20078,CW->CC,SFE 8,2.0,1049.0
L2,L2-CW->CC-20078,CW->CC,SFE 8,0.0,1052.0
L2,L2-CC->CW-20073,CC->CW,SFE 1,0.0,1015.0
L2,L2-CC->CW-20073,CC->CW,SFE 1,2.0,1018.22
L2,L2-CC->CW-20073,CC->CW,SFE 1,3.838,1021.17
L2,L2-CC->CW-20073,CC->CW,SFE 1,5.569,1023.92
L2,L2-CC->CW-20073,CC->CW,SFE 1,7.442,1026.75
L2,L2-CC->CW-20073,CC->CW,SFE 1,8.339,1028.75
L2,L2-CC->CW-20073,CC->CW,SFE 1,9.614,1031.33
L2,L2-CC->CW-20073,CC->CW,SFE 1,10.983,1034.25
L2,L2-CC->CW-20073,CC->CW,SFE 1,13.151,1037.17
L2,L2-CC->CW-20073,CC->CW,SFE 1,18.048,1043.33
L2,L2-CC->CW-20073,CC->CW,SFE 1,21.125,1047.33
L2,L2-CC->CW-20073,CC->CW,SFE 1,22.524,1049.33
L2,L2-CC->CW-20073,CC->CW,SFE 1,24.203,1051.67
L2,L2-CC->CW-20073,CC->CW,SFE 1,26.302,1054.5
L2,L2-CC->CW-20073,CC->CW,SFE 1,28.4,1057.0
L2,L2-CW->CC-20082,CW->CC,SFE 3,28.4,1022.0
L2,L2-CW->CC-20082,CW->CC,SFE 3,26.302,1024.75
L2,L2-CW->CC-20082,CW->CC,SFE 3,24.203,1027.5
L2,L2-CW->CC-20082,CW->CC,SFE 3,22.524,1029.83
L2,L2-CW->CC-20082,CW->CC,SFE 3,21.125,1031.83
L2,L2-CW->CC-20082,CW->CC,SFE 3,18.048,1035.83
L2,L2-CW->CC-20082,CW->CC,SFE 3,13.151,1042.0
L2,L2-CW->CC-20082,CW->CC,SFE 3,10.983,1045.08
L2,L2-CW->CC-20082,CW->CC,SFE 3,9.614,1047.83
L2,L2-CW->CC-20082,CW->CC,SFE 3,8.339,1050.5
L2,L2-CW->CC-20082,CW->CC,SFE 3,7.442,1052.5
L2,L2-CW->CC-20082,CW->CC,SFE 3,5.569,1055.33
L2,L2-CW->CC-20082,CW->CC,SFE 3,3.838,1058.25
L2,L2-CW->CC-20082,CW->CC,SFE 3,2.0,1061.0
L2,L2-CW->CC-20082,CW->CC,SFE 3,0.0,1064.0
L2,L2-CC->CW-20075,CC->CW,SFE 7,0.0,1032.0
L2,L2-CC->CW-20075,CC->CW,SFE 7,2.0,1035.22
L2,L2-CC->CW-20075,CC->CW,SFE 7,3.838,1038.17
L2,L2-CC->CW-20075,CC->CW,SFE 7,5.569,1040.92
L2,L2-CC->CW-20075,CC->CW,SFE 7,7.442,1043.75
L2,L2-CC->CW-20075,CC->CW,SFE 7,8.339,1045.75
L2,L2-CC->CW-20075,CC->CW,SFE 7,9.614,1048.33
L2,L2-CC->CW-20075,CC->CW,SFE 7,10.983,1051.25
L2,L2-CC->CW-20075,CC->CW,SFE 7,13.151,1054.17
L2,L2-CC->CW-20075,CC->CW,SFE 7,18.048,1060.33
L2,L2-CC->CW-20075,CC->CW,SFE 7,21.125,1064.33
L2,L2-CC->CW-20075,CC->CW,SFE 7,22.524,1066.33
L2,L2-CC->CW-20075,CC->CW,SFE 7,24.203,1068.67
L2,L2-CC->CW-20075,CC->CW,SFE 7,26.302,1071.5
L2,L2-CC->CW-20075,CC->CW,SFE 7,28.4,1074.0
L2,L2-CW->CC-20084,CW->CC,SFE 9,28.4,1034.0
L2,L2-CW->CC-20084,CW->CC,SFE 9,26.302,1036.75
L2,L2-CW->CC-20084,CW->CC,SFE 9,24.203,1039.5
L2,L2-CW->CC-20084,CW->CC,SFE 9,22.524,1041.83
L2,L2-CW->CC-20084,CW->CC,SFE 9,21.125,1043.83
L2,L2-CW->CC-20084,CW->CC,SFE 9,18.048,1047.83
L2,L2-CW->CC-20084,CW->CC,SFE 9,13.151,1054.0
L2,L2-CW->CC-20084,CW->CC,SFE 9,10.983,1057.08
L2,L2-CW->CC-20084,CW->CC,SFE 9,9.614,1059.83
L2,L2-CW->CC-20084,CW->CC,SFE 9,8.339,1062.5
L2,L2-CW->CC-20084,CW->CC,SFE 9,7.442,1064.5
L2,L2-CW->CC-20084,CW->CC,SFE 9,5.569,1067.33
L2,L2-CW->CC-20084,CW->CC,SFE 9,3.838,1070.25
L2,L2-CW->CC-20084,CW->CC,SFE 9,2.0,1073.0
L2,L2-CW->CC-20084,CW->CC,SFE 9,0.0,1076.0
L2,L2-CC->CW-20077,CC->CW,SFE 4,0.0,1044.0
L2,L2-CC->CW-20077,CC->CW,SFE 4,2.0,1047.22
L2,L2-CC->CW-20077,CC->CW,SFE 4,3.838,1050.17
L2,L2-CC->CW-20077,CC->CW,SFE 4,5.569,1052.92
L2,L2-CC->CW-20077,CC->CW,SFE 4,7.442,1055.75
L2,L2-CC->CW-20077,CC->CW,SFE 4,8.339,1057.75
L2,L2-CC->CW-20077,CC->CW,SFE 4,9.614,1060.33
L2,L2-CC->CW-20077,CC->CW,SFE 4,10.983,1063.25
L2,L2-CC->CW-20077,CC->CW,SFE 4,13.151,1066.17
L2,L2-CC->CW-20077,CC->CW,SFE 4,18.048,1072.33
L2,L2-CC->CW-20077,CC->CW,SFE 4,21.125,1076.33
L2,L2-CC->CW-20077,CC->CW,SFE 4,22.524,1078.33
L2,L2-CC->CW-20077,CC->CW,SFE 4,24.203,1080.67
L2,L2-CC->CW-20077,CC->CW,SFE 4,26.302,1083.5
L2,L2-CC->CW-20077,CC->CW,SFE 4,28.4,1086.0
L2,L2-CW->CC-20086,CW->CC,SFE 2,28.4,1046.0
L2,L2-CW->CC-20086,CW->CC,SFE 2,26.302,1048.75
L2,L2-CW->CC-20086,CW->CC,SFE 2,24.203,1051.5
L2,L2-CW->CC-20086,CW->CC,SFE 2,22.524,1053.83
L2,L2-CW->CC-20086,CW->CC,SFE 2,21.125,1055.83
L2,L2-CW->CC-20086,CW->CC,SFE 2,18.048,1059.83
L2,L2-CW->CC-20086,CW->CC,SFE 2,13.151,1066.0
L2,L2-CW->CC-20086,CW->CC,SFE 2,10.983,1069.08
L2,L2-CW->CC-20086,CW->CC,SFE 2,9.614,1071.83
L2,L2-CW->CC-20086,CW->CC,SFE 2,8.339,1074.5
L2,L2-CW->CC-20086,CW->CC,SFE 2,7.442,1076.5
L2,L2-CW->CC-20086,CW->CC,SFE 2,5.569,1079.33
L2,L2-CW->CC-20086,CW->CC,SFE 2,3.838,1082.25
L2,L2-CW->CC-20086,CW->CC,SFE 2,2.0,1085.0
L2,L2-CW->CC-20086,CW->CC,SFE 2,0.0,1088.0
L2,L2-CC->CW-20079,CC->CW,SFE 8,0.0,1056.0
L2,L2-CC->CW-20079,CC->CW,SFE 8,2.0,1059.22
L2,L2-CC->CW-20079,CC->CW,SFE 8,3.838,1062.17
L2,L2-CC->CW-20079,CC->CW,SFE 8,5.569,1064.92
L2,L2-CC->CW-20079,CC->CW,SFE 8,7.442,1067.75
L2,L2-CC->CW-20079,CC->CW,SFE 8,8.339,1069.75
L2,L2-CC->CW-20079,CC->CW,SFE 8,9.614,1072.33
L2,L2-CC->CW-20079,CC->CW,SFE 8,10.983,1075.25
L2,L2-CC->CW-20079,CC->CW,SFE 8,13.151,1078.17
L2,L2-CC->CW-20079,CC->CW,SFE 8,18.048,1084.33
L2,L2-CC->CW-20079,CC->CW,SFE 8,21.125,1088.33
L2,L2-CC->CW-20079,CC->CW,SFE 8,22.524,1090.33
L2,L2-CC->CW-20079,CC->CW,SFE 8,24.203,1092.67
L2,L2-CC->CW-20079,CC->CW,SFE 8,26.302,1095.5
L2,L2-CC->CW-20079,CC->CW,SFE 8,28.4,1098.0
L2,L2-CW->CC-20088,CW->CC,SFE 5,28.4,1058.0
L2,L2-CW->CC-20088,CW->CC,SFE 5,26.302,1060.75
L2,L2-CW->CC-20088,CW->CC,SFE 5,24.203,1063.5
L2,L2-CW->CC-20088,CW->CC,SFE 5,22.524,1065.83
L2,L2-CW->CC-20088,CW->CC,SFE 5,21.125,1067.83
L2,L2-CW->CC-20088,CW->CC,SFE 5,18.048,1071.83
L2,L2-CW->CC-20088,CW->CC,SFE 5,13.151,1078.0
L2,L2-CW->CC-20088,CW->CC,SFE 5,10.983,1081.08
L2,L2-CW->CC-20088,CW->CC,SFE 5,9.614,1083.83
L2,L2-CW->CC-20088,CW->CC,SFE 5,8.339,1086.5
L2,L2-CW->CC-20088,CW->CC,SFE 5,7.442,1088.5
L2,L2-CW->CC-20088,CW->CC,SFE 5,5.569,1091.33
L2,L2-CW->CC-20088,CW->CC,SFE 5,3.838,1094.25
L2,L2-CW->CC-20088,CW->CC,SFE 5,2.0,1097.0
L2,L2-CW->CC-20088,CW->CC,SFE 5,0.0,1100.0
L2,L2-CC->CW-20083,CC->CW,SFE 3,0.0,1068.0
L2,L2-CC->CW-20083,CC->CW,SFE 3,2.0,1071.22
L2,L2-CC->CW-20083,CC->CW,SFE 3,3.838,1074.17
L2,L2-CC->CW-20083,CC->CW,SFE 3,5.569,1076.92
L2,L2-CC->CW-20083,CC->CW,SFE 3,7.442,1079.75
L2,L2-CC->CW-20083,CC->CW,SFE 3,8.339,1081.75
L2,L2-CC->CW-20083,CC->CW,SFE 3,9.614,1084.33
L2,L2-CC->CW-20083,CC->CW,SFE 3,10.983,1087.25
L2,L2-CC->CW-20083,CC->CW,SFE 3,13.151,1090.17
L2,L2-CC->CW-20083,CC->CW,SFE 3,18.048,1096.33
L2,L2-CC->CW-20083,CC->CW,SFE 3,21.125,1100.33
L2,L2-CC->CW-20083,CC->CW,SFE 3,22.524,1102.33
L2,L2-CC->CW-20083,CC->CW,SFE 3,24.203,1104.67
L2,L2-CC->CW-20083,CC->CW,SFE 3,26.302,1107.5
L2,L2-CC->CW-20083,CC->CW,SFE 3,28.4,1110.0
L2,L2-CW->CC-20090,CW->CC,SFE 1,28.4,1070.0
L2,L2-CW->CC-20090,CW->CC,SFE 1,26.302,1072.75
L2,L2-CW->CC-20090,CW->CC,SFE 1,24.203,1075.5
L2,L2-CW->CC-20090,CW->CC,SFE 1,22.524,1077.83
L2,L2-CW->CC-20090,CW->CC,SFE 1,21.125,1079.83
L2,L2-CW->CC-20090,CW->CC,SFE 1,18.048,1083.83
L2,L2-CW->CC-20090,CW->CC,SFE 1,13.151,1090.0
L2,L2-CW->CC-20090,CW->CC,SFE 1,10.983,1093.08
L2,L2-CW->CC-20090,CW->CC,SFE 1,9.614,1095.83
L2,L2-CW->CC-20090,CW->CC,SFE 1,8.339,1098.5
L2,L2-CW->CC-20090,CW->CC,SFE 1,7.442,1100.5
L2,L2-CW->CC-20090,CW->CC,SFE 1,5.569,1103.33
L2,L2-CW->CC-20090,CW->CC,SFE 1,3.838,1106.25
L2,L2-CW->CC-20090,CW->CC,SFE 1,2.0,1109.0
L2,L2-CW->CC-20090,CW->CC,SFE 1,0.0,1112.0
L2,L2-CC->CW-20085,CC->CW,SFE 9,0.0,1080.0
L2,L2-CC->CW-20085,CC->CW,SFE 9,2.0,1083.22
L2,L2-CC->CW-20085,CC->CW,SFE 9,3.838,1086.17
L2,L2-CC->CW-20085,CC->CW,SFE 9,5.569,1088.92
L2,L2-CC->CW-20085,CC->CW,SFE 9,7.442,1091.75
L2,L2-CC->CW-20085,CC->CW,SFE 9,8.339,1093.75
L2,L2-CC->CW-20085,CC->CW,SFE 9,9.614,1096.33
L2,L2-CC->CW-20085,CC->CW,SFE 9,10.983,1099.25
L2,L2-CC->CW-20085,CC->CW,SFE 9,13.151,1102.17
L2,L2-CC->CW-20085,CC->CW,SFE 9,18.048,1108.33
L2,L2-CC->CW-20085,CC->CW,SFE 9,21.125,1112.33
L2,L2-CC->CW-20085,CC->CW,SFE 9,22.524,1114.33
L2,L2-CC->CW-20085,CC->CW,SFE 9,24.203,1116.67
L2,L2-CC->CW-20085,CC->CW,SFE 9,26.302,1119.5
L2,L2-CC->CW-20085,CC->CW,SFE 9,28.4,1122.0
L2,L2-CW->CC-20092,CW->CC,SFE 7,28.4,1082.0
L2,L2-CW->CC-20092,CW->CC,SFE 7,26.302,1084.75
L2,L2-CW->CC-20092,CW->CC,SFE 7,24.203,1087.5
L2,L2-CW->CC-20092,CW->CC,SFE 7,22.524,1089.83
L2,L2-CW->CC-20092,CW->CC,SFE 7,21.125,1091.83
L2,L2-CW->CC-20092,CW->CC,SFE 7,18.048,1095.83
L2,L2-CW->CC-20092,CW->CC,SFE 7,13.151,1102.0
L2,L2-CW->CC-20092,CW->CC,SFE 7,10.983,1105.08
L2,L2-CW->CC-20092,CW->CC,SFE 7,9.614,1107.83
L2,L2-CW->CC-20092,CW->CC,SFE 7,8.339,1110.5
L2,L2-CW->CC-20092,CW->CC,SFE 7,7.442,1112.5
L2,L2-CW->CC-20092,CW->CC,SFE 7,5.569,1115.33
L2,L2-CW->CC-20092,CW->CC,SFE 7,3.838,1118.25
L2,L2-CW->CC-20092,CW->CC,SFE 7,2.0,1121.0
L2,L2-CW->CC-20092,CW->CC,SFE 7,0.0,1124.0
L2,L2-CC->CW-20087,CC->CW,SFE 2,0.0,1092.0
L2,L2-CC->CW-20087,CC->CW,SFE 2,2.0,1095.22
L2,L2-CC->CW-20087,CC->CW,SFE 2,3.838,1098.17
L2,L2-CC->CW-20087,CC->CW,SFE 2,5.569,1100.92
L2,L2-CC->CW-20087,CC->CW,SFE 2,7.442,1103.75
L2,L2-CC->CW-20087,CC->CW,SFE 2,8.339,1105.75
L2,L2-CC->CW-20087,CC->CW,SFE 2,9.614,1108.33
L2,L2-CC->CW-20087,CC->CW,SFE 2,10.983,1111.25
L2,L2-CC->CW-20087,CC->CW,SFE 2,13.151,1114.17
L2,L2-CC->CW-20087,CC->CW,SFE 2,18.048,1120.33
L2,L2-CC->CW-20087,CC->CW,SFE 2,21.125,1124.33
L2,L2-CC->CW-20087,CC->CW,SFE 2,22.524,1126.33
L2,L2-CC->CW-20087,CC->CW,SFE 2,24.203,1128.67
L2,L2-CC->CW-20087,CC->CW,SFE 2,26.302,1131.5
L2,L2-CC->CW-20087,CC->CW,SFE 2,28.4,1134.0
L2,L2-CW->CC-20094,CW->CC,SFE 4,28.4,1094.0
L2,L2-CW->CC-20094,CW->CC,SFE 4,26.302,1096.75
L2,L2-CW->CC-20094,CW->CC,SFE 4,24.203,1099.5
L2,L2-CW->CC-20094,CW->CC,SFE 4,22.524,1101.83
L2,L2-CW->CC-20094,CW->CC,SFE 4,21.125,1103.83
L2,L2-CW->CC-20094,CW->CC,SFE 4,18.048,1107.83
L2,L2-CW->CC-20094,CW->CC,SFE 4,13.151,1114.0
L2,L2-CW->CC-20094,CW->CC,SFE 4,10.983,1117.08
L2,L2-CW->CC-20094,CW->CC,SFE 4,9.614,1119.83
L2,L2-CW->CC-20094,CW->CC,SFE 4,8.339,1122.5
L2,L2-CW->CC-20094,CW->CC,SFE 4,7.442,1124.5
L2,L2-CW->CC-20094,CW->CC,SFE 4,5.569,1127.33
L2,L2-CW->CC-20094,CW->CC,SFE 4,3.838,1130.25
L2,L2-CW->CC-20094,CW->CC,SFE 4,2.0,1133.0
L2,L2-CW->CC-20094,CW->CC,SFE 4,0.0,1136.0
L2,L2-CC->CW-20089,CC->CW,SFE 5,0.0,1104.0
L2,L2-CC->CW-20089,CC->CW,SFE 5,2.0,1107.22
L2,L2-CC->CW-20089,CC->CW,SFE 5,3.838,1110.17
L2,L2-CC->CW-20089,CC->CW,SFE 5,5.569,1112.92
L2,L2-CC->CW-20089,CC->CW,SFE 5,7.442,1115.75
L2,L2-CC->CW-20089,CC->CW,SFE 5,8.339,1117.75
L2,L2-CC->CW-20089,CC->CW,SFE 5,9.614,1120.33
L2,L2-CC->CW-20089,CC->CW,SFE 5,10.983,1123.25
L2,L2-CC->CW-20089,CC->CW,SFE 5,13.151,1126.17
L2,L2-CC->CW-20089,CC->CW,SFE 5,18.048,1132.33
L2,L2-CC->CW-20089,CC->CW,SFE 5,21.125,1136.33
L2,L2-CC->CW-20089,CC->CW,SFE 5,22.524,1138.33
L2,L2-CC->CW-20089,CC->CW,SFE 5,24.203,1140.67
L2,L2-CC->CW-20089,CC->CW,SFE 5,26.302,1143.5
L2,L2-CC->CW-20089,CC->CW,SFE 5,28.4,1146.0
L2,L2-CW->CC-20098,CW->CC,SFE 8,28.4,1106.0
L2,L2-CW->CC-20098,CW->CC,SFE 8,26.302,1108.75
L2,L2-CW->CC-20098,CW->CC,SFE 8,24.203,1111.5
L2,L2-CW->CC-20098,CW->CC,SFE 8,22.524,1113.83
L2,L2-CW->CC-20098,CW->CC,SFE 8,21.125,1115.83
L2,L2-CW->CC-20098,CW->CC,SFE 8,18.048,1119.83
L2,L2-CW->CC-20098,CW->CC,SFE 8,13.151,1126.0
L2,L2-CW->CC-20098,CW->CC,SFE 8,10.983,1129.08
L2,L2-CW->CC-20098,CW->CC,SFE 8,9.614,1131.83
L2,L2-CW->CC-20098,CW->CC,SFE 8,8.339,1134.5
L2,L2-CW->CC-20098,CW->CC,SFE 8,7.442,1136.5
L2,L2-CW->CC-20098,CW->CC,SFE 8,5.569,1139.33
L2,L2-CW->CC-20098,CW->CC,SFE 8,3.838,1142.25
L2,L2-CW->CC-20098,CW->CC,SFE 8,2.0,1145.0
L2,L2-CW->CC-20098,CW->CC,SFE 8,0.0,1148.0
L2,L2-CC->CW-20091,CC->CW,SFE 1,0.0,1116.0
L2,L2-CC->CW-20091,CC->CW,SFE 1,2.0,1119.22
L2,L2-CC->CW-20091,CC->CW,SFE 1,3.838,1122.17
L2,L2-CC->CW-20091,CC->CW,SFE 1,5.569,1124.92
L2,L2-CC->CW-20091,CC->CW,SFE 1,7.442,1127.75
L2,L2-CC->CW-20091,CC->CW,SFE 1,8.339,1129.75
L2,L2-CC->CW-20091,CC->CW,SFE 1,9.614,1132.33
L2,L2-CC->CW-20091,CC->CW,SFE 1,10.983,1135.25
L2,L2-CC->CW-20091,CC->CW,SFE 1,13.151,1138.17
L2,L2-CC->CW-20091,CC->CW,SFE 1,18.048,1144.33
L2,L2-CC->CW-20091,CC->CW,SFE 1,21.125,1148.33
L2,L2-CC->CW-20091,CC->CW,SFE 1,22.524,1150.33
L2,L2-CC->CW-20091,CC->CW,SFE 1,24.203,1152.67
L2,L2-CC->CW-20091,CC->CW,SFE 1,26.302,1155.5
L2,L2-CC->CW-20091,CC->CW,SFE 1,28.4,1158.0
L2,L2-CW->CC-20100,CW->CC,SFE 3,28.4,1123.0
L2,L2-CW->CC-20100,CW->CC,SFE 3,26.302,1125.75
L2,L2-CW->CC-20100,CW->CC,SFE 3,24.203,1128.5
L2,L2-CW->CC-20100,CW->CC,SFE 3,22.524,1130.83
L2,L2-CW->CC-20100,CW->CC,SFE 3,21.125,1132.83
L2,L2-CW->CC-20100,CW->CC,SFE 3,18.048,1136.83
L2,L2-CW->CC-20100,CW->CC,SFE 3,13.151,1143.0
L2,L2-CW->CC-20100,CW->CC,SFE 3,10.983,1146.08
L2,L2-CW->CC-20100,CW->CC,SFE 3,9.614,1148.83
L2,L2-CW->CC-20100,CW->CC,SFE 3,8.339,1151.5
L2,L2-CW->CC-20100,CW->CC,SFE 3,7.442,1153.5
L2,L2-CW->CC-20100,CW->CC,SFE 3,5.569,1156.33
L2,L2-CW->CC-20100,CW->CC,SFE 3,3.838,1159.25
L2,L2-CW->CC-20100,CW->CC,SFE 3,2.0,1162.0
L2,L2-CW->CC-20100,CW->CC,SFE 3,0.0,1165.0
L2,L2-CC->CW-20093,CC->CW,SFE 7,0.0,1128.0
L2,L2-CC->CW-20093,CC->CW,SFE 7,2.0,1131.22
L2,L2-CC->CW-20093,CC->CW,SFE 7,3.838,1134.17
L2,L2-CC->CW-20093,CC->CW,SFE 7,5.569,1136.92
L2,L2-CC->CW-20093,CC->CW,SFE 7,7.442,1139.75
L2,L2-CC->CW-20093,CC->CW,SFE 7,8.339,1141.75
L2,L2-CC->CW-20093,CC->CW,SFE 7,9.614,1144.33
L2,L2-CC->CW-20093,CC->CW,SFE 7,10.983,1147.25
L2,L2-CC->CW-20093,CC->CW,SFE 7,13.151,1150.17
L2,L2-CC->CW-20093,CC->CW,SFE 7,18.048,1156.33
L2,L2-CC->CW-20093,CC->CW,SFE 7,21.125,1160.33
L2,L2-CC->CW-20093,CC->CW,SFE 7,22.524,1162.33
L2,L2-CC->CW-20093,CC->CW,SFE 7,24.203,1164.67
L2,L2-CC->CW-20093,CC->CW,SFE 7,26.302,1167.5
L2,L2-CC->CW-20093,CC->CW,SFE 7,28.4,1170.0
L2,L2-CW->CC-20104,CW->CC,SFE 9,28.4,1138.0
L2,L2-CW->CC-20104,CW->CC,SFE 9,26.302,1140.75
L2,L2-CW->CC-20104,CW->CC,SFE 9,24.203,1143.5
L2,L2-CW->CC-20104,CW->CC,SFE 9,22.524,1145.83
L2,L2-CW->CC-20104,CW->CC,SFE 9,21.125,1147.83
L2,L2-CW->CC-20104,CW->CC,SFE 9,18.048,1151.83
L2,L2-CW->CC-20104,CW->CC,SFE 9,13.151,1158.0
L2,L2-CW->CC-20104,CW->CC,SFE 9,10.983,1161.08
L2,L2-CW->CC-20104,CW->CC,SFE 9,9.614,1163.83
L2,L2-CW->CC-20104,CW->CC,SFE 9,8.339,1166.5
L2,L2-CW->CC-20104,CW->CC,SFE 9,7.442,1168.5
L2,L2-CW->CC-20104,CW->CC,SFE 9,5.569,1171.33
L2,L2-CW->CC-20104,CW->CC,SFE 9,3.838,1174.25
L2,L2-CW->CC-20104,CW->CC,SFE 9,2.0,1177.0
L2,L2-CW->CC-20104,CW->CC,SFE 9,0.0,1180.0
L2,L2-CC->CW-20095,CC->CW,SFE 4,0.0,1140.0
L2,L2-CC->CW-20095,CC->CW,SFE 4,2.0,1143.22
L2,L2-CC->CW-20095,CC->CW,SFE 4,3.838,1146.17
L2,L2-CC->CW-20095,CC->CW,SFE 4,5.569,1148.92
L2,L2-CC->CW-20095,CC->CW,SFE 4,7.442,1151.75
L2,L2-CC->CW-20095,CC->CW,SFE 4,8.339,1153.75
L2,L2-CC->CW-20095,CC->CW,SFE 4,9.614,1156.33
L2,L2-CC->CW-20095,CC->CW,SFE 4,10.983,1159.25
L2,L2-CC->CW-20095,CC->CW,SFE 4,13.151,1162.17
L2,L2-CC->CW-20095,CC->CW,SFE 4,18.048,1168.33
L2,L2-CC->CW-20095,CC->CW,SFE 4,21.125,1172.33
L2,L2-CC->CW-20095,CC->CW,SFE 4,22.524,1174.33
L2,L2-CC->CW-20095,CC->CW,SFE 4,24.203,1176.67
L2,L2-CC->CW-20095,CC->CW,SFE 4,26.302,1179.5
L2,L2-CC->CW-20095,CC->CW,SFE 4,28.4,1182.0
L2,L2-CW->CC-20284,CW->CC,SFE 2,28.4,1143.0
L2,L2-CW->CC-20284,CW->CC,SFE 2,26.302,1145.75
L2,L2-CW->CC-20284,CW->CC,SFE 2,24.203,1148.5
L2,L2-CW->CC-20284,CW->CC,SFE 2,22.524,1150.83
L2,L2-CW->CC-20284,CW->CC,SFE 2,21.125,1152.83
L2,L2-CW->CC-20284,CW->CC,SFE 2,18.048,1156.83
L2,L2-CW->CC-20284,CW->CC,SFE 2,13.151,1163.0
L2,L2-CW->CC-20284,CW->CC,SFE 2,10.983,1166.08
L2,L2-CW->CC-20284,CW->CC,SFE 2,9.614,1168.83
L2,L2-CW->CC-20284,CW->CC,SFE 2,8.339,1171.5
L2,L2-CW->CC-20284,CW->CC,SFE 2,7.442,1173.5
L2,L2-CW->CC-20284,CW->CC,SFE 2,5.569,1176.33
L2,L2-CW->CC-20284,CW->CC,SFE 2,3.838,1179.25
L2,L2-CW->CC-20284,CW->CC,SFE 2,2.0,1182.0
L2,L2-CW->CC-20284,CW->CC,SFE 2,0.0,1185.0
L2,L2-CC->CW-20097,CC->CW,SFE 10,0.0,1150.0
L2,L2-CC->CW-20097,CC->CW,SFE 10,2.0,1153.22
L2,L2-CC->CW-20097,CC->CW,SFE 10,3.838,1156.17
L2,L2-CC->CW-20097,CC->CW,SFE 10,5.569,1158.92
L2,L2-CC->CW-20097,CC->CW,SFE 10,7.442,1161.75
L2,L2-CC->CW-20097,CC->CW,SFE 10,8.339,1163.75
L2,L2-CC->CW-20097,CC->CW,SFE 10,9.614,1166.33
L2,L2-CC->CW-20097,CC->CW,SFE 10,10.983,1169.25
L2,L2-CC->CW-20097,CC->CW,SFE 10,13.151,1172.17
L2,L2-CC->CW-20097,CC->CW,SFE 10,18.048,1178.33
L2,L2-CC->CW-20097,CC->CW,SFE 10,21.125,1182.33
L2,L2-CC->CW-20097,CC->CW,SFE 10,22.524,1184.33
L2,L2-CC->CW-20097,CC->CW,SFE 10,24.203,1186.67
L2,L2-CC->CW-20097,CC->CW,SFE 10,26.302,1189.5
L2,L2-CC->CW-20097,CC->CW,SFE 10,28.4,1192.0
L2,L2-CW->CC-20106,CW->CC,SFE 5,28.4,1155.0
L2,L2-CW->CC-20106,CW->CC,SFE 5,26.302,1157.75
L2,L2-CW->CC-20106,CW->CC,SFE 5,24.203,1160.5
L2,L2-CW->CC-20106,CW->CC,SFE 5,22.524,1162.83
L2,L2-CW->CC-20106,CW->CC,SFE 5,21.125,1164.83
L2,L2-CW->CC-20106,CW->CC,SFE 5,18.048,1168.83
L2,L2-CW->CC-20106,CW->CC,SFE 5,13.151,1175.0
L2,L2-CW->CC-20106,CW->CC,SFE 5,10.983,1178.08
L2,L2-CW->CC-20106,CW->CC,SFE 5,9.614,1180.83
L2,L2-CW->CC-20106,CW->CC,SFE 5,8.339,1183.5
L2,L2-CW->CC-20106,CW->CC,SFE 5,7.442,1185.5
L2,L2-CW->CC-20106,CW->CC,SFE 5,5.569,1188.33
L2,L2-CW->CC-20106,CW->CC,SFE 5,3.838,1191.25
L2,L2-CW->CC-20106,CW->CC,SFE 5,2.0,1194.0
L2,L2-CW->CC-20106,CW->CC,SFE 5,0.0,1197.0
L2,L2-CC->CW-20099,CC->CW,SFE 8,0.0,1157.0
L2,L2-CC->CW-20099,CC->CW,SFE 8,2.0,1160.22
L2,L2-CC->CW-20099,CC->CW,SFE 8,3.838,1163.17
L2,L2-CC->CW-20099,CC->CW,SFE 8,5.569,1165.92
L2,L2-CC->CW-20099,CC->CW,SFE 8,7.442,1168.75
L2,L2-CC->CW-20099,CC->CW,SFE 8,8.339,1170.75
L2,L2-CC->CW-20099,CC->CW,SFE 8,9.614,1173.33
L2,L2-CC->CW-20099,CC->CW,SFE 8,10.983,1176.25
L2,L2-CC->CW-20099,CC->CW,SFE 8,13.151,1179.17
L2,L2-CC->CW-20099,CC->CW,SFE 8,18.048,1185.33
L2,L2-CC->CW-20099,CC->CW,SFE 8,21.125,1189.33
L2,L2-CC->CW-20099,CC->CW,SFE 8,22.524,1191.33
L2,L2-CC->CW-20099,CC->CW,SFE 8,24.203,1193.67
L2,L2-CC->CW-20099,CC->CW,SFE 8,26.302,1196.5
L2,L2-CC->CW-20099,CC->CW,SFE 8,28.4,1199.0
L2,L2-CW->CC-20108,CW->CC,SFE 1,28.4,1169.0
L2,L2-CW->CC-20108,CW->CC,SFE 1,26.302,1171.75
L2,L2-CW->CC-20108,CW->CC,SFE 1,24.203,1174.5
L2,L2-CW->CC-20108,CW->CC,SFE 1,22.524,1176.83
L2,L2-CW->CC-20108,CW->CC,SFE 1,21.125,1178.83
L2,L2-CW->CC-20108,CW->CC,SFE 1,18.048,1182.83
L2,L2-CW->CC-20108,CW->CC,SFE 1,13.151,1189.0
L2,L2-CW->CC-20108,CW->CC,SFE 1,10.983,1192.08
L2,L2-CW->CC-20108,CW->CC,SFE 1,9.614,1194.83
L2,L2-CW->CC-20108,CW->CC,SFE 1,8.339,1197.5
L2,L2-CW->CC-20108,CW->CC,SFE 1,7.442,1199.5
L2,L2-CW->CC-20108,CW->CC,SFE 1,5.569,1202.33
L2,L2-CW->CC-20108,CW->CC,SFE 1,3.838,1205.25
L2,L2-CW->CC-20108,CW->CC,SFE 1,2.0,1208.0
L2,L2-CW->CC-20108,CW->CC,SFE 1,0.0,1211.0
L2,L2-CC->CW-20101,CC->CW,SFE 3,0.0,1170.0
L2,L2-CC->CW-20101,CC->CW,SFE 3,2.0,1173.22
L2,L2-CC->CW-20101,CC->CW,SFE 3,3.838,1176.17
L2,L2-CC->CW-20101,CC->CW,SFE 3,5.569,1178.92
L2,L2-CC->CW-20101,CC->CW,SFE 3,7.442,1181.75
L2,L2-CC->CW-20101,CC->CW,SFE 3,8.339,1183.75
L2,L2-CC->CW-20101,CC->CW,SFE 3,9.614,1186.33
L2,L2-CC->CW-20101,CC->CW,SFE 3,10.983,1189.25
L2,L2-CC->CW-20101,CC->CW,SFE 3,13.151,1192.17
L2,L2-CC->CW-20101,CC->CW,SFE 3,18.048,1198.33
L2,L2-CC->CW-20101,CC->CW,SFE 3,21.125,1202.33
L2,L2-CC->CW-20101,CC->CW,SFE 3,22.524,1204.33
L2,L2-CC->CW-20101,CC->CW,SFE 3,24.203,1206.67
L2,L2-CC->CW-20101,CC->CW,SFE 3,26.302,1209.5
L2,L2-CC->CW-20101,CC->CW,SFE 3,28.4,1212.0
L2,L2-CW->CC-20110,CW->CC,SFE 7,28.4,1180.0
L2,L2-CW->CC-20110,CW->CC,SFE 7,26.302,1182.75
L2,L2-CW->CC-20110,CW->CC,SFE 7,24.203,1185.5
L2,L2-CW->CC-20110,CW->CC,SFE 7,22.524,1187.83
L2,L2-CW->CC-20110,CW->CC,SFE 7,21.125,1189.83
L2,L2-CW->CC-20110,CW->CC,SFE 7,18.048,1193.83
L2,L2-CW->CC-20110,CW->CC,SFE 7,13.151,1200.0
L2,L2-CW->CC-20110,CW->CC,SFE 7,10.983,1203.08
L2,L2-CW->CC-20110,CW->CC,SFE 7,9.614,1205.83
L2,L2-CW->CC-20110,CW->CC,SFE 7,8.339,1208.5
L2,L2-CW->CC-20110,CW->CC,SFE 7,7.442,1210.5
L2,L2-CW->CC-20110,CW->CC,SFE 7,5.569,1213.33
L2,L2-CW->CC-20110,CW->CC,SFE 7,3.838,1216.25
L2,L2-CW->CC-20110,CW->CC,SFE 7,2.0,1219.0
L2,L2-CW->CC-20110,CW->CC,SFE 7,0.0,1222.0
L2,L2-CC->CW-20105,CC->CW,SFE 9,0.0,1185.0
L2,L2-CC->CW-20105,CC->CW,SFE 9,0.0,1186.5
L2,L2-CC->CW-20105,CC->CW,SFE 9,2.0,1189.72
L2,L2-CC->CW-20105,CC->CW,SFE 9,3.838,1192.67
L2,L2-CC->CW-20105,CC->CW,SFE 9,5.569,1195.42
L2,L2-CC->CW-20105,CC->CW,SFE 9,7.442,1198.25
L2,L2-CC->CW-20105,CC->CW,SFE 9,8.339,1200.25
L2,L2-CC->CW-20105,CC->CW,SFE 9,9.614,1202.83
L2,L2-CC->CW-20105,CC->CW,SFE 9,10.983,1205.75
L2,L2-CC->CW-20105,CC->CW,SFE 9,13.151,1208.67
L2,L2-CC->CW-20105,CC->CW,SFE 9,18.048,1214.83
L2,L2-CC->CW-20105,CC->CW,SFE 9,21.125,1218.83
L2,L2-CC->CW-20105,CC->CW,SFE 9,22.524,1220.83
L2,L2-CC->CW-20105,CC->CW,SFE 9,24.203,1223.17
L2,L2-CC->CW-20105,CC->CW,SFE 9,26.302,1226.0
L2,L2-CC->CW-20105,CC->CW,SFE 9,28.4,1228.5
L2,L2-CW->CC-20286,CW->CC,SFE 4,28.4,1188.0
L2,L2-CW->CC-20286,CW->CC,SFE 4,26.302,1190.75
L2,L2-CW->CC-20286,CW->CC,SFE 4,24.203,1193.5
L2,L2-CW->CC-20286,CW->CC,SFE 4,22.524,1195.83
L2,L2-CW->CC-20286,CW->CC,SFE 4,21.125,1197.83
L2,L2-CW->CC-20286,CW->CC,SFE 4,18.048,1201.83
L2,L2-CW->CC-20286,CW->CC,SFE 4,13.151,1208.0
L2,L2-CW->CC-20286,CW->CC,SFE 4,10.983,1211.08
L2,L2-CW->CC-20286,CW->CC,SFE 4,9.614,1213.83
L2,L2-CW->CC-20286,CW->CC,SFE 4,8.339,1216.5
L2,L2-CW->CC-20286,CW->CC,SFE 4,7.442,1218.5
L2,L2-CW->CC-20286,CW->CC,SFE 4,5.569,1221.33
L2,L2-CW->CC-20286,CW->CC,SFE 4,3.838,1224.25
L2,L2-CW->CC-20286,CW->CC,SFE 4,2.0,1227.0
L2,L2-CW->CC-20286,CW->CC,SFE 4,0.0,1230.0
L2,L2-CC->CW-20107,CC->CW,SFE 5,0.0,1200.0
L2,L2-CC->CW-20107,CC->CW,SFE 5,2.0,1203.22
L2,L2-CC->CW-20107,CC->CW,SFE 5,3.838,1206.17
L2,L2-CC->CW-20107,CC->CW,SFE 5,5.569,1208.92
L2,L2-CC->CW-20107,CC->CW,SFE 5,7.442,1211.75
L2,L2-CC->CW-20107,CC->CW,SFE 5,8.339,1213.75
L2,L2-CC->CW-20107,CC->CW,SFE 5,9.614,1216.33
L2,L2-CC->CW-20107,CC->CW,SFE 5,10.983,1219.25
L2,L2-CC->CW-20107,CC->CW,SFE 5,13.151,1222.17
L2,L2-CC->CW-20107,CC->CW,SFE 5,18.048,1228.33
L2,L2-CC->CW-20107,CC->CW,SFE 5,21.125,1232.33
L2,L2-CC->CW-20107,CC->CW,SFE 5,22.524,1234.33
L2,L2-CC->CW-20107,CC->CW,SFE 5,24.203,1236.67
L2,L2-CC->CW-20107,CC->CW,SFE 5,26.302,1239.5
L2,L2-CC->CW-20107,CC->CW,SFE 5,28.4,1242.0
L2,L2-CW->CC-20112,CW->CC,SFE 10,28.4,1200.0
L2,L2-CW->CC-20112,CW->CC,SFE 10,26.302,1202.75
L2,L2-CW->CC-20112,CW->CC,SFE 10,24.203,1205.5
L2,L2-CW->CC-20112,CW->CC,SFE 10,22.524,1207.83
L2,L2-CW->CC-20112,CW->CC,SFE 10,21.125,1209.83
L2,L2-CW->CC-20112,CW->CC,SFE 10,18.048,1213.83
L2,L2-CW->CC-20112,CW->CC,SFE 10,13.151,1220.0
L2,L2-CW->CC-20112,CW->CC,SFE 10,10.983,1223.08
L2,L2-CW->CC-20112,CW->CC,SFE 10,9.614,1225.83
L2,L2-CW->CC-20112,CW->CC,SFE 10,8.339,1228.5
L2,L2-CW->CC-20112,CW->CC,SFE 10,7.442,1230.5
L2,L2-CW->CC-20112,CW->CC,SFE 10,5.569,1233.33
L2,L2-CW->CC-20112,CW->CC,SFE 10,3.838,1236.25
L2,L2-CW->CC-20112,CW->CC,SFE 10,2.0,1239.0
L2,L2-CW->CC-20112,CW->CC,SFE 10,0.0,1242.0
L2,L2-CW->CC-20114,CW->CC,SFE 8,28.4,1211.0
L2,L2-CW->CC-20114,CW->CC,SFE 8,26.302,1213.75
L2,L2-CW->CC-20114,CW->CC,SFE 8,24.203,1216.5
L2,L2-CW->CC-20114,CW->CC,SFE 8,22.524,1218.83
L2,L2-CW->CC-20114,CW->CC,SFE 8,21.125,1220.83
L2,L2-CW->CC-20114,CW->CC,SFE 8,18.048,1224.83
L2,L2-CW->CC-20114,CW->CC,SFE 8,13.151,1231.0
L2,L2-CW->CC-20114,CW->CC,SFE 8,10.983,1234.08
L2,L2-CW->CC-20114,CW->CC,SFE 8,9.614,1236.83
L2,L2-CW->CC-20114,CW->CC,SFE 8,8.339,1239.5
L2,L2-CW->CC-20114,CW->CC,SFE 8,7.442,1241.5
L2,L2-CW->CC-20114,CW->CC,SFE 8,5.569,1244.33
L2,L2-CW->CC-20114,CW->CC,SFE 8,3.838,1247.25
L2,L2-CW->CC-20114,CW->CC,SFE 8,2.0,1250.0
L2,L2-CW->CC-20114,CW->CC,SFE 8,0.0,1253.0
L2,L2-CC->CW-20109,CC->CW,SFE 1,0.0,1215.0
L2,L2-CC->CW-20109,CC->CW,SFE 1,0.0,1231.5
L2,L2-CC->CW-20109,CC->CW,SFE 1,2.0,1234.72
L2,L2-CC->CW-20109,CC->CW,SFE 1,3.838,1237.67
L2,L2-CC->CW-20109,CC->CW,SFE 1,5.569,1240.42
L2,L2-CC->CW-20109,CC->CW,SFE 1,7.442,1243.25
L2,L2-CC->CW-20109,CC->CW,SFE 1,8.339,1245.25
L2,L2-CC->CW-20109,CC->CW,SFE 1,9.614,1247.83
L2,L2-CC->CW-20109,CC->CW,SFE 1,10.983,1250.75
L2,L2-CC->CW-20109,CC->CW,SFE 1,13.151,1253.67
L2,L2-CC->CW-20109,CC->CW,SFE 1,18.048,1259.83
L2,L2-CC->CW-20109,CC->CW,SFE 1,21.125,1263.83
L2,L2-CC->CW-20109,CC->CW,SFE 1,22.524,1265.83
L2,L2-CC->CW-20109,CC->CW,SFE 1,24.203,1268.17
L2,L2-CC->CW-20109,CC->CW,SFE 1,26.302,1271.0
L2,L2-CC->CW-20109,CC->CW,SFE 1,28.4,1273.5
L2,L2-CW->CC-20288,CW->CC,SFE 3,28.4,1220.0
L2,L2-CW->CC-20288,CW->CC,SFE 3,26.302,1222.75
L2,L2-CW->CC-20288,CW->CC,SFE 3,24.203,1225.5
L2,L2-CW->CC-20288,CW->CC,SFE 3,22.524,1227.83
L2,L2-CW->CC-20288,CW->CC,SFE 3,21.125,1229.83
L2,L2-CW->CC-20288,CW->CC,SFE 3,18.048,1233.83
L2,L2-CW->CC-20288,CW->CC,SFE 3,13.151,1240.0
L2,L2-CW->CC-20288,CW->CC,SFE 3,10.983,1243.08
L2,L2-CW->CC-20288,CW->CC,SFE 3,9.614,1245.83
L2,L2-CW->CC-20288,CW->CC,SFE 3,8.339,1248.5
L2,L2-CW->CC-20288,CW->CC,SFE 3,7.442,1250.5
L2,L2-CW->CC-20288,CW->CC,SFE 3,5.569,1253.33
L2,L2-CW->CC-20288,CW->CC,SFE 3,3.838,1256.25
L2,L2-CW->CC-20288,CW->CC,SFE 3,2.0,1259.0
L2,L2-CW->CC-20288,CW->CC,SFE 3,0.0,1262.0
L2,L2-CC->CW-20111,CC->CW,SFE 7,0.0,1230.0
L2,L2-CC->CW-20111,CC->CW,SFE 7,0.0,1243.5
L2,L2-CC->CW-20111,CC->CW,SFE 7,2.0,1246.72
L2,L2-CC->CW-20111,CC->CW,SFE 7,3.838,1249.67
L2,L2-CC->CW-20111,CC->CW,SFE 7,5.569,1252.42
L2,L2-CC->CW-20111,CC->CW,SFE 7,7.442,1255.25
L2,L2-CC->CW-20111,CC->CW,SFE 7,8.339,1257.25
L2,L2-CC->CW-20111,CC->CW,SFE 7,9.614,1259.83
L2,L2-CC->CW-20111,CC->CW,SFE 7,10.983,1262.75
L2,L2-CC->CW-20111,CC->CW,SFE 7,13.151,1265.67
L2,L2-CC->CW-20111,CC->CW,SFE 7,18.048,1271.83
L2,L2-CC->CW-20111,CC->CW,SFE 7,21.125,1275.83
L2,L2-CC->CW-20111,CC->CW,SFE 7,22.524,1277.83
L2,L2-CC->CW-20111,CC->CW,SFE 7,24.203,1280.17
L2,L2-CC->CW-20111,CC->CW,SFE 7,26.302,1283.0
L2,L2-CC->CW-20111,CC->CW,SFE 7,28.4,1285.5
L2,L2-CW->CC-20116,CW->CC,SFE 9,28.4,1230.0
L2,L2-CW->CC-20116,CW->CC,SFE 9,26.302,1232.75
L2,L2-CW->CC-20116,CW->CC,SFE 9,24.203,1235.5
L2,L2-CW->CC-20116,CW->CC,SFE 9,22.524,1237.83
L2,L2-CW->CC-20116,CW->CC,SFE 9,21.125,1239.83
L2,L2-CW->CC-20116,CW->CC,SFE 9,18.048,1243.83
L2,L2-CW->CC-20116,CW->CC,SFE 9,13.151,1250.0
L2,L2-CW->CC-20116,CW->CC,SFE 9,10.983,1253.08
L2,L2-CW->CC-20116,CW->CC,SFE 9,9.614,1255.83
L2,L2-CW->CC-20116,CW->CC,SFE 9,8.339,1258.5
L2,L2-CW->CC-20116,CW->CC,SFE 9,7.442,1260.5
L2,L2-CW->CC-20116,CW->CC,SFE 9,5.569,1263.33
L2,L2-CW->CC-20116,CW->CC,SFE 9,3.838,1266.25
L2,L2-CW->CC-20116,CW->CC,SFE 9,2.0,1269.0
L2,L2-CW->CC-20116,CW->CC,SFE 9,0.0,1272.0
L2,L2-CC->CW-20113,CC->CW,SFE 10,0.0,1245.0
L2,L2-CC->CW-20113,CC->CW,SFE 10,0.0,1263.5
L2,L2-CC->CW-20113,CC->CW,SFE 10,2.0,1266.72
L2,L2-CC->CW-20113,CC->CW,SFE 10,3.838,1269.67
L2,L2-CC->CW-20113,CC->CW,SFE 10,5.569,1272.42
L2,L2-CC->CW-20113,CC->CW,SFE 10,7.442,1275.25
L2,L2-CC->CW-20113,CC->CW,SFE 10,8.339,1277.25
L2,L2-CC->CW-20113,CC->CW,SFE 10,9.614,1279.83
L2,L2-CC->CW-20113,CC->CW,SFE 10,10.983,1282.75
L2,L2-CC->CW-20113,CC->CW,SFE 10,13.151,1285.67
L2,L2-CC->CW-20113,CC->CW,SFE 10,18.048,1291.83
L2,L2-CC->CW-20113,CC->CW,SFE 10,21.125,1295.83
L2,L2-CC->CW-20113,CC->CW,SFE 10,22.524,1297.83
L2,L2-CC->CW-20113,CC->CW,SFE 10,24.203,1300.17
L2,L2-CC->CW-20113,CC->CW,SFE 10,26.302,1303.0
L2,L2-CC->CW-20113,CC->CW,SFE 10,28.4,1305.5
L2,L2-CW->CC-20120,CW->CC,SFE 5,28.4,1245.0
L2,L2-CW->CC-20120,CW->CC,SFE 5,26.302,1247.75
L2,L2-CW->CC-20120,CW->CC,SFE 5,24.203,1250.5
L2,L2-CW->CC-20120,CW->CC,SFE 5,22.524,1252.83
L2,L2-CW->CC-20120,CW->CC,SFE 5,21.125,1254.83
L2,L2-CW->CC-20120,CW->CC,SFE 5,18.048,1258.83
L2,L2-CW->CC-20120,CW->CC,SFE 5,13.151,1265.0
L2,L2-CW->CC-20120,CW->CC,SFE 5,10.983,1268.08
L2,L2-CW->CC-20120,CW->CC,SFE 5,9.614,1270.83
L2,L2-CW->CC-20120,CW->CC,SFE 5,8.339,1273.5
L2,L2-CW->CC-20120,CW->CC,SFE 5,7.442,1275.5
L2,L2-CW->CC-20120,CW->CC,SFE 5,5.569,1278.33
L2,L2-CW->CC-20120,CW->CC,SFE 5,3.838,1281.25
L2,L2-CW->CC-20120,CW->CC,SFE 5,2.0,1284.0
L2,L2-CW->CC-20120,CW->CC,SFE 5,0.0,1287.0
L2,L2-CC->CW-20115,CC->CW,SFE 8,0.0,1260.0
L2,L2-CC->CW-20115,CC->CW,SFE 8,0.0,1273.5
L2,L2-CC->CW-20115,CC->CW,SFE 8,2.0,1276.72
L2,L2-CC->CW-20115,CC->CW,SFE 8,3.838,1279.67
L2,L2-CC->CW-20115,CC->CW,SFE 8,5.569,1282.42
L2,L2-CC->CW-20115,CC->CW,SFE 8,7.442,1285.25
L2,L2-CC->CW-20115,CC->CW,SFE 8,8.339,1287.25
L2,L2-CC->CW-20115,CC->CW,SFE 8,9.614,1289.83
L2,L2-CC->CW-20115,CC->CW,SFE 8,10.983,1292.75
L2,L2-CC->CW-20115,CC->CW,SFE 8,13.151,1295.67
L2,L2-CC->CW-20115,CC->CW,SFE 8,18.048,1301.83
L2,L2-CC->CW-20115,CC->CW,SFE 8,21.125,1305.83
L2,L2-CC->CW-20115,CC->CW,SFE 8,22.524,1307.83
L2,L2-CC->CW-20115,CC->CW,SFE 8,24.203,1310.17
L2,L2-CC->CW-20115,CC->CW,SFE 8,26.302,1313.0
L2,L2-CC->CW-20115,CC->CW,SFE 8,28.4,1315.5
L2,L2-CW->CC-20122,CW->CC,SFE 1,28.4,1260.0
L2,L2-CW->CC-20122,CW->CC,SFE 1,26.302,1262.75
L2,L2-CW->CC-20122,CW->CC,SFE 1,24.203,1265.5
L2,L2-CW->CC-20122,CW->CC,SFE 1,22.524,1267.83
L2,L2-CW->CC-20122,CW->CC,SFE 1,21.125,1269.83
L2,L2-CW->CC-20122,CW->CC,SFE 1,18.048,1273.83
L2,L2-CW->CC-20122,CW->CC,SFE 1,13.151,1280.0
L2,L2-CW->CC-20122,CW->CC,SFE 1,10.983,1283.08
L2,L2-CW->CC-20122,CW->CC,SFE 1,9.614,1285.83
L2,L2-CW->CC-20122,CW->CC,SFE 1,8.339,1288.5
L2,L2-CW->CC-20122,CW->CC,SFE 1,7.442,1290.5
L2,L2-CW->CC-20122,CW->CC,SFE 1,5.569,1293.33
L2,L2-CW->CC-20122,CW->CC,SFE 1,3.838,1296.25
L2,L2-CW->CC-20122,CW->CC,SFE 1,2.0,1299.0
L2,L2-CW->CC-20122,CW->CC,SFE 1,0.0,1302.0
L2,L2-CC->CW-20117,CC->CW,SFE 9,0.0,1275.0
L2,L2-CC->CW-20117,CC->CW,SFE 9,0.0,1278.22
L2,L2-CC->CW-20117,CC->CW,SFE 9,2.0,1281.43
L2,L2-CC->CW-20117,CC->CW,SFE 9,3.838,1284.39
L2,L2-CC->CW-20117,CC->CW,SFE 9,5.569,1287.14
L2,L2-CC->CW-20117,CC->CW,SFE 9,7.442,1289.97
L2,L2-CC->CW-20117,CC->CW,SFE 9,8.339,1291.97
L2,L2-CC->CW-20117,CC->CW,SFE 9,9.614,1294.55
L2,L2-CC->CW-20117,CC->CW,SFE 9,10.983,1297.47
L2,L2-CC->CW-20117,CC->CW,SFE 9,13.151,1300.39
L2,L2-CC->CW-20117,CC->CW,SFE 9,18.048,1306.55
L2,L2-CC->CW-20117,CC->CW,SFE 9,21.125,1310.55
L2,L2-CC->CW-20117,CC->CW,SFE 9,22.524,1312.55
L2,L2-CC->CW-20117,CC->CW,SFE 9,24.203,1314.89
L2,L2-CC->CW-20117,CC->CW,SFE 9,26.302,1317.72
L2,L2-CC->CW-20117,CC->CW,SFE 9,28.4,1320.22
L2,L2-CW->CC-20292,CW->CC,SFE 7,28.4,1280.0
L2,L2-CW->CC-20292,CW->CC,SFE 7,26.302,1282.75
L2,L2-CW->CC-20292,CW->CC,SFE 7,24.203,1285.5
L2,L2-CW->CC-20292,CW->CC,SFE 7,22.524,1287.83
L2,L2-CW->CC-20292,CW->CC,SFE 7,21.125,1289.83
L2,L2-CW->CC-20292,CW->CC,SFE 7,18.048,1293.83
L2,L2-CW->CC-20292,CW->CC,SFE 7,13.151,1300.0
L2,L2-CW->CC-20292,CW->CC,SFE 7,10.983,1303.08
L2,L2-CW->CC-20292,CW->CC,SFE 7,9.614,1305.83
L2,L2-CW->CC-20292,CW->CC,SFE 7,8.339,1308.5
L2,L2-CW->CC-20292,CW->CC,SFE 7,7.442,1310.5
L2,L2-CW->CC-20292,CW->CC,SFE 7,5.569,1313.33
L2,L2-CW->CC-20292,CW->CC,SFE 7,3.838,1316.25
L2,L2-CW->CC-20292,CW->CC,SFE 7,2.0,1319.0
L2,L2-CW->CC-20292,CW->CC,SFE 7,0.0,1322.0
L2,L2-CC->CW-20121,CC->CW,SFE 5,0.0,1290.0
L2,L2-CC->CW-20121,CC->CW,SFE 5,2.0,1293.22
L2,L2-CC->CW-20121,CC->CW,SFE 5,3.838,1296.17
L2,L2-CC->CW-20121,CC->CW,SFE 5,5.569,1298.92
L2,L2-CC->CW-20121,CC->CW,SFE 5,7.442,1301.75
L2,L2-CC->CW-20121,CC->CW,SFE 5,8.339,1303.75
L2,L2-CC->CW-20121,CC->CW,SFE 5,9.614,1306.33
L2,L2-CC->CW-20121,CC->CW,SFE 5,10.983,1309.25
L2,L2-CC->CW-20121,CC->CW,SFE 5,13.151,1312.17
L2,L2-CC->CW-20121,CC->CW,SFE 5,18.048,1318.33
L2,L2-CC->CW-20121,CC->CW,SFE 5,21.125,1322.33
L2,L2-CC->CW-20121,CC->CW,SFE 5,22.524,1324.33
L2,L2-CC->CW-20121,CC->CW,SFE 5,24.203,1326.67
L2,L2-CC->CW-20121,CC->CW,SFE 5,26.302,1329.5
L2,L2-CC->CW-20121,CC->CW,SFE 5,28.4,1332.0
L2,L2-CW->CC-20126,CW->CC,SFE 10,28.4,1295.0
L2,L2-CW->CC-20126,CW->CC,SFE 10,26.302,1297.75
L2,L2-CW->CC-20126,CW->CC,SFE 10,24.203,1300.5
L2,L2-CW->CC-20126,CW->CC,SFE 10,22.524,1302.83
L2,L2-CW->CC-20126,CW->CC,SFE 10,21.125,1304.83
L2,L2-CW->CC-20126,CW->CC,SFE 10,18.048,1308.83
L2,L2-CW->CC-20126,CW->CC,SFE 10,13.151,1315.0
L2,L2-CW->CC-20126,CW->CC,SFE 10,10.983,1318.08
L2,L2-CW->CC-20126,CW->CC,SFE 10,9.614,1320.83
L2,L2-CW->CC-20126,CW->CC,SFE 10,8.339,1323.5
L2,L2-CW->CC-20126,CW->CC,SFE 10,7.442,1325.5
L2,L2-CW->CC-20126,CW->CC,SFE 10,5.569,1328.33
L2,L2-CW->CC-20126,CW->CC,SFE 10,3.838,1331.25
L2,L2-CW->CC-20126,CW->CC,SFE 10,2.0,1334.0
L2,L2-CW->CC-20126,CW->CC,SFE 10,0.0,1337.0
L2,L2-CC->CW-20123,CC->CW,SFE 1,0.0,1305.0
L2,L2-CC->CW-20123,CC->CW,SFE 1,2.0,1308.22
L2,L2-CC->CW-20123,CC->CW,SFE 1,3.838,1311.17
L2,L2-CC->CW-20123,CC->CW,SFE 1,5.569,1313.92
L2,L2-CC->CW-20123,CC->CW,SFE 1,7.442,1316.75
L2,L2-CC->CW-20123,CC->CW,SFE 1,8.339,1318.75
L2,L2-CC->CW-20123,CC->CW,SFE 1,9.614,1321.33
L2,L2-CC->CW-20123,CC->CW,SFE 1,10.983,1324.25
L2,L2-CC->CW-20123,CC->CW,SFE 1,13.151,1327.17
L2,L2-CC->CW-20123,CC->CW,SFE 1,18.048,1333.33
L2,L2-CC->CW-20123,CC->CW,SFE 1,21.125,1337.33
L2,L2-CC->CW-20123,CC->CW,SFE 1,22.524,1339.33
L2,L2-CC->CW-20123,CC->CW,SFE 1,24.203,1341.67
L2,L2-CC->CW-20123,CC->CW,SFE 1,26.302,1344.5
L2,L2-CC->CW-20123,CC->CW,SFE 1,28.4,1347.0
L2,L2-CW->CC-20128,CW->CC,SFE 8,28.4,1315.0
L2,L2-CW->CC-20128,CW->CC,SFE 8,26.302,1317.75
L2,L2-CW->CC-20128,CW->CC,SFE 8,24.203,1320.5
L2,L2-CW->CC-20128,CW->CC,SFE 8,22.524,1322.83
L2,L2-CW->CC-20128,CW->CC,SFE 8,21.125,1324.83
L2,L2-CW->CC-20128,CW->CC,SFE 8,18.048,1328.83
L2,L2-CW->CC-20128,CW->CC,SFE 8,13.151,1335.0
L2,L2-CW->CC-20128,CW->CC,SFE 8,10.983,1338.08
L2,L2-CW->CC-20128,CW->CC,SFE 8,9.614,1340.83
L2,L2-CW->CC-20128,CW->CC,SFE 8,8.339,1343.5
L2,L2-CW->CC-20128,CW->CC,SFE 8,7.442,1345.5
L2,L2-CW->CC-20128,CW->CC,SFE 8,5.569,1348.33
L2,L2-CW->CC-20128,CW->CC,SFE 8,3.838,1351.25
L2,L2-CW->CC-20128,CW->CC,SFE 8,2.0,1354.0
L2,L2-CW->CC-20128,CW->CC,SFE 8,0.0,1357.0
L2,L2-CW->CC-20294,CW->CC,SFE 9,28.4,1328.0
L2,L2-CW->CC-20294,CW->CC,SFE 9,26.302,1330.75
L2,L2-CW->CC-20294,CW->CC,SFE 9,24.203,1333.5
L2,L2-CW->CC-20294,CW->CC,SFE 9,22.524,1335.83
L2,L2-CW->CC-20294,CW->CC,SFE 9,21.125,1337.83
L2,L2-CW->CC-20294,CW->CC,SFE 9,18.048,1341.83
L2,L2-CW->CC-20294,CW->CC,SFE 9,13.151,1348.0
L2,L2-CW->CC-20294,CW->CC,SFE 9,10.983,1351.08
L2,L2-CW->CC-20294,CW->CC,SFE 9,9.614,1353.83
L2,L2-CW->CC-20294,CW->CC,SFE 9,8.339,1356.5
L2,L2-CW->CC-20294,CW->CC,SFE 9,7.442,1358.5
L2,L2-CW->CC-20294,CW->CC,SFE 9,5.569,1361.33
L2,L2-CW->CC-20294,CW->CC,SFE 9,3.838,1364.25
L2,L2-CW->CC-20294,CW->CC,SFE 9,2.0,1367.0
L2,L2-CW->CC-20294,CW->CC,SFE 9,0.0,1370.0
L2,L2-CC->CW-20127,CC->CW,SFE 10,0.0,1345.0
L2,L2-CC->CW-20127,CC->CW,SFE 10,2.0,1348.22
L2,L2-CC->CW-20127,CC->CW,SFE 10,3.838,1351.17
L2,L2-CC->CW-20127,CC->CW,SFE 10,5.569,1353.92
L2,L2-CC->CW-20127,CC->CW,SFE 10,7.442,1356.75
L2,L2-CC->CW-20127,CC->CW,SFE 10,8.339,1358.75
L2,L2-CC->CW-20127,CC->CW,SFE 10,9.614,1361.33
L2,L2-CC->CW-20127,CC->CW,SFE 10,10.983,1364.25
L2,L2-CC->CW-20127,CC->CW,SFE 10,13.151,1367.17
L2,L2-CC->CW-20127,CC->CW,SFE 10,18.048,1373.33
L2,L2-CC->CW-20127,CC->CW,SFE 10,21.125,1377.33
L2,L2-CC->CW-20127,CC->CW,SFE 10,22.524,1379.33
L2,L2-CC->CW-20127,CC->CW,SFE 10,24.203,1381.67
L2,L2-CC->CW-20127,CC->CW,SFE 10,26.302,1384.5
L2,L2-CC->CW-20127,CC->CW,SFE 10,28.4,1387.0
L2,L2-CC->CW-20129,CC->CW,SFE 8,0.0,1370.0
L2,L2-CC->CW-20129,CC->CW,SFE 8,0.0,1371.5
L2,L2-CC->CW-20129,CC->CW,SFE 8,2.0,1374.72
L2,L2-CC->CW-20129,CC->CW,SFE 8,3.838,1377.67
L2,L2-CC->CW-20129,CC->CW,SFE 8,5.569,1380.42
L2,L2-CC->CW-20129,CC->CW,SFE 8,7.442,1383.25
L2,L2-CC->CW-20129,CC->CW,SFE 8,8.339,1385.25
L2,L2-CC->CW-20129,CC->CW,SFE 8,9.614,1387.83
L2,L2-CC->CW-20129,CC->CW,SFE 8,10.983,1390.75
L2,L2-CC->CW-20129,CC->CW,SFE 8,13.151,1393.67
L2,L2-CC->CW-20129,CC->CW,SFE 8,18.048,1399.83
L2,L2-CC->CW-20129,CC->CW,SFE 8,21.125,1403.83
L2,L2-CC->CW-20129,CC->CW,SFE 8,22.524,1405.83
L2,L2-CC->CW-20129,CC->CW,SFE 8,24.203,1408.17
L2,L2-CC->CW-20129,CC->CW,SFE 8,26.302,1411.0
L2,L2-CC->CW-20129,CC->CW,SFE 8,28.4,1413.5
L2,L2-CW->CC-20298,CW->CC,SFE 5,28.4,1370.0
L2,L2-CW->CC-20298,CW->CC,SFE 5,26.302,1372.75
L2,L2-CW->CC-20298,CW->CC,SFE 5,24.203,1375.5
L2,L2-CW->CC-20298,CW->CC,SFE 5,22.524,1377.83
L2,L2-CW->CC-20298,CW->CC,SFE 5,21.125,1379.83
L2,L2-CW->CC-20298,CW->CC,SFE 5,18.048,1383.83
L2,L2-CW->CC-20298,CW->CC,SFE 5,13.151,1390.0
L2,L2-CW->CC-20298,CW->CC,SFE 5,10.983,1393.08
L2,L2-CW->CC-20298,CW->CC,SFE 5,9.614,1395.83
L2,L2-CW->CC-20298,CW->CC,SFE 5,8.339,1398.5
L2,L2-CW->CC-20298,CW->CC,SFE 5,7.442,1400.5
L2,L2-CW->CC-20298,CW->CC,SFE 5,5.569,1403.33
L2,L2-CW->CC-20298,CW->CC,SFE 5,3.838,1406.25
L2,L2-CW->CC-20298,CW->CC,SFE 5,2.0,1409.0
L2,L2-CW->CC-20298,CW->CC,SFE 5,0.0,1412.0
